msa,pmsa,state,county_fips,state_fips,county
NA,NA,AK,13,2,Aleutians East
NA,NA,AK,16,2,Aleutians West
380,NA,AK,20,2,Anchorage
NA,NA,AK,50,2,Bethel
NA,NA,AK,60,2,Bristol Bay
NA,NA,AK,68,2,Denali
NA,NA,AK,70,2,Dillingham
NA,NA,AK,90,2,Fairbanks North Star
NA,NA,AK,100,2,Haines
NA,NA,AK,110,2,Juneau
NA,NA,AK,122,2,Kenai Peninsula
NA,NA,AK,130,2,Ketchikan Gateway
NA,NA,AK,150,2,Kodiak Island
NA,NA,AK,164,2,Lake and Peninsula
NA,NA,AK,170,2,Matanuska-Susitna
NA,NA,AK,180,2,Nome
NA,NA,AK,185,2,North Slope
NA,NA,AK,188,2,Northwest Arctic
NA,NA,Prince of Wales-Outer Ketchika,201,2,Prince of Wales-Outer Ketchika
NA,NA,AK,220,2,Sitka
NA,NA,AK,232,2,Skagway-Hoonah-Angoon
NA,NA,AK,240,2,Southeast Fairbanks
NA,NA,AK,261,2,Valdez-Cordova
NA,NA,AK,270,2,Wade Hampton
NA,NA,AK,280,2,Wrangell-Petersburg
NA,NA,AK,282,2,Yakutat
NA,NA,AK,290,2,Yukon-Koyukuk
5240,NA,AL,1,1,Autauga
5160,NA,AL,3,1,Baldwin
NA,NA,AL,5,1,Barbour
NA,NA,AL,7,1,Bibb
1000,NA,AL,9,1,Blount
NA,NA,AL,11,1,Bullock
NA,NA,AL,13,1,Butler
450,NA,AL,15,1,Calhoun
NA,NA,AL,17,1,Chambers
NA,NA,AL,19,1,Cherokee
NA,NA,AL,21,1,Chilton
NA,NA,AL,23,1,Choctaw
NA,NA,AL,25,1,Clarke
NA,NA,AL,27,1,Clay
NA,NA,AL,29,1,Cleburne
NA,NA,AL,31,1,Coffee
2650,NA,AL,33,1,Colbert
NA,NA,AL,35,1,Conecuh
NA,NA,AL,37,1,Coosa
NA,NA,AL,39,1,Covington
NA,NA,AL,41,1,Crenshaw
NA,NA,AL,43,1,Cullman
2180,NA,AL,45,1,Dale
NA,NA,AL,47,1,Dallas
NA,NA,AL,49,1,De Kalb
5240,NA,AL,51,1,Elmore
NA,NA,AL,53,1,Escambia
2880,NA,AL,55,1,Etowah
NA,NA,AL,57,1,Fayette
NA,NA,AL,59,1,Franklin
NA,NA,AL,61,1,Geneva
NA,NA,AL,63,1,Greene
NA,NA,AL,65,1,Hale
NA,NA,AL,67,1,Henry
2180,NA,AL,69,1,Houston
NA,NA,AL,71,1,Jackson
1000,NA,AL,73,1,Jefferson
NA,NA,AL,75,1,Lamar
2650,NA,AL,77,1,Lauderdale
2030,NA,AL,79,1,Lawrence
NA,NA,AL,81,1,Lee
3440,NA,AL,83,1,Limestone
NA,NA,AL,85,1,Lowndes
NA,NA,AL,87,1,Macon
3440,NA,AL,89,1,Madison
NA,NA,AL,91,1,Marengo
NA,NA,AL,93,1,Marion
NA,NA,AL,95,1,Marshall
5160,NA,AL,97,1,Mobile
NA,NA,AL,99,1,Monroe
5240,NA,AL,101,1,Montgomery
2030,NA,AL,103,1,Morgan
NA,NA,AL,105,1,Perry
NA,NA,AL,107,1,Pickens
NA,NA,AL,109,1,Pike
NA,NA,AL,111,1,Randolph
1800,NA,AL,113,1,Russell
1000,NA,AL,115,1,St. Clair
1000,NA,AL,117,1,Shelby
NA,NA,AL,119,1,Sumter
NA,NA,AL,121,1,Talladega
NA,NA,AL,123,1,Tallapoosa
8600,NA,AL,125,1,Tuscaloosa
NA,NA,AL,127,1,Walker
NA,NA,AL,129,1,Washington
NA,NA,AL,131,1,Wilcox
NA,NA,AL,133,1,Winston
NA,NA,AZ,1,4,Apache
NA,NA,AZ,3,4,Cochise
NA,NA,AZ,5,4,Coconino
NA,NA,AZ,7,4,Gila
NA,NA,AZ,9,4,Graham
NA,NA,AZ,11,4,Greenlee
NA,NA,AZ,12,4,La Paz
6200,NA,AZ,13,4,Maricopa
4120,NA,AZ,15,4,Mohave
NA,NA,AZ,17,4,Navajo
8520,NA,AZ,19,4,Pima
6200,NA,AZ,21,4,Pinal
NA,NA,AZ,23,4,Santa Cruz
NA,NA,AZ,25,4,Yavapai
9360,NA,AZ,27,4,Yuma
NA,NA,AR,1,5,Arkansas
NA,NA,AR,3,5,Ashley
NA,NA,AR,5,5,Baxter
2580,NA,AR,7,5,Benton
NA,NA,AR,9,5,Boone
NA,NA,AR,11,5,Bradley
NA,NA,AR,13,5,Calhoun
NA,NA,AR,15,5,Carroll
NA,NA,AR,17,5,Chicot
NA,NA,AR,19,5,Clark
NA,NA,AR,21,5,Clay
NA,NA,AR,23,5,Cleburne
NA,NA,AR,25,5,Cleveland
NA,NA,AR,27,5,Columbia
NA,NA,AR,29,5,Conway
NA,NA,AR,31,5,Craighead
2720,NA,AR,33,5,Crawford
4920,NA,AR,35,5,Crittenden
NA,NA,AR,37,5,Cross
NA,NA,AR,39,5,Dallas
NA,NA,AR,41,5,Desha
NA,NA,AR,43,5,Drew
4400,NA,AR,45,5,Faulkner
NA,NA,AR,47,5,Franklin
NA,NA,AR,49,5,Fulton
NA,NA,AR,51,5,Garland
NA,NA,AR,53,5,Grant
NA,NA,AR,55,5,Greene
NA,NA,AR,57,5,Hempstead
NA,NA,AR,59,5,Hot Spring
NA,NA,AR,61,5,Howard
NA,NA,AR,63,5,Independence
NA,NA,AR,65,5,Izard
NA,NA,AR,67,5,Jackson
6240,NA,AR,69,5,Jefferson
NA,NA,AR,71,5,Johnson
NA,NA,AR,73,5,Lafayette
NA,NA,AR,75,5,Lawrence
NA,NA,AR,77,5,Lee
NA,NA,AR,79,5,Lincoln
NA,NA,AR,81,5,Little River
NA,NA,AR,83,5,Logan
4400,NA,AR,85,5,Lonoke
NA,NA,AR,87,5,Madison
NA,NA,AR,89,5,Marion
8360,NA,AR,91,5,Miller
NA,NA,AR,93,5,Mississippi
NA,NA,AR,95,5,Monroe
NA,NA,AR,97,5,Montgomery
NA,NA,AR,99,5,Nevada
NA,NA,AR,101,5,Newton
NA,NA,AR,103,5,Ouachita
NA,NA,AR,105,5,Perry
NA,NA,AR,107,5,Phillips
NA,NA,AR,109,5,Pike
NA,NA,AR,111,5,Poinsett
NA,NA,AR,113,5,Polk
NA,NA,AR,115,5,Pope
NA,NA,AR,117,5,Prairie
4400,NA,AR,119,5,Pulaski
NA,NA,AR,121,5,Randolph
NA,NA,AR,123,5,St. Francis
4400,NA,AR,125,5,Saline
NA,NA,AR,127,5,Scott
NA,NA,AR,129,5,Searcy
2720,NA,AR,131,5,Sebastian
NA,NA,AR,133,5,Sevier
NA,NA,AR,135,5,Sharp
NA,NA,AR,137,5,Stone
NA,NA,AR,139,5,Union
NA,NA,AR,141,5,Van Buren
2580,NA,AR,143,5,Washington
NA,NA,AR,145,5,White
NA,NA,AR,147,5,Woodruff
NA,NA,AR,149,5,Yell
7362,5775,CA,1,6,Alameda
NA,NA,CA,3,6,Alpine
NA,NA,CA,5,6,Amador
1620,NA,CA,7,6,Butte
NA,NA,CA,9,6,Calaveras
NA,NA,CA,11,6,Colusa
7362,5775,CA,13,6,Contra Costa
NA,NA,CA,15,6,Del Norte
6922,6920,CA,17,6,El Dorado
2840,NA,CA,19,6,Fresno
NA,NA,CA,21,6,Glenn
NA,NA,CA,23,6,Humboldt
NA,NA,CA,25,6,Imperial
NA,NA,CA,27,6,Inyo
680,NA,CA,29,6,Kern
NA,NA,CA,31,6,Kings
NA,NA,CA,33,6,Lake
NA,NA,CA,35,6,Lassen
4472,4480,CA,37,6,Los Angeles
2840,NA,CA,39,6,Madera
7362,7360,CA,41,6,Marin
NA,NA,CA,43,6,Mariposa
NA,NA,CA,45,6,Mendocino
4940,NA,CA,47,6,Merced
NA,NA,CA,49,6,Modoc
NA,NA,CA,51,6,Mono
7120,NA,CA,53,6,Monterey
7362,8720,CA,55,6,Napa
NA,NA,CA,57,6,Nevada
4472,5945,CA,59,6,Orange
6922,6920,CA,61,6,Placer
NA,NA,CA,63,6,Plumas
4472,6780,CA,65,6,Riverside
6922,6920,CA,67,6,Sacramento
NA,NA,CA,69,6,San Benito
4472,6780,CA,71,6,San Bernardino
7320,NA,CA,73,6,San Diego
7362,7360,CA,75,6,San Francisco
8120,NA,CA,77,6,San Joaquin
7460,NA,CA,79,6,San Luis Obispo
7362,7360,CA,81,6,San Mateo
7480,NA,CA,83,6,Santa Barbara
7362,7400,CA,85,6,Santa Clara
7362,7485,CA,87,6,Santa Cruz
6690,NA,CA,89,6,Shasta
NA,NA,CA,91,6,Sierra
NA,NA,CA,93,6,Siskiyou
7362,8720,CA,95,6,Solano
7362,7500,CA,97,6,Sonoma
5170,NA,CA,99,6,Stanislaus
9340,NA,CA,101,6,Sutter
NA,NA,CA,103,6,Tehama
NA,NA,CA,105,6,Trinity
8780,NA,CA,107,6,Tulare
NA,NA,CA,109,6,Tuolumne
4472,8735,CA,111,6,Ventura
6922,9270,CA,113,6,Yolo
9340,NA,CA,115,6,Yuba
2082,2080,CO,1,8,Adams
NA,NA,CO,3,8,Alamosa
2082,2080,CO,5,8,Arapahoe
NA,NA,CO,7,8,Archuleta
NA,NA,CO,9,8,Baca
NA,NA,CO,11,8,Bent
2082,1125,CO,13,8,Boulder
NA,NA,CO,15,8,Chaffee
NA,NA,CO,17,8,Cheyenne
NA,NA,CO,19,8,Clear Creek
NA,NA,CO,21,8,Conejos
NA,NA,CO,23,8,Costilla
NA,NA,CO,25,8,Crowley
NA,NA,CO,27,8,Custer
NA,NA,CO,29,8,Delta
2082,2080,CO,31,8,Denver
NA,NA,CO,33,8,Dolores
2082,2080,CO,35,8,Douglas
NA,NA,CO,37,8,Eagle
NA,NA,CO,39,8,Elbert
1720,NA,CO,41,8,El Paso
NA,NA,CO,43,8,Fremont
NA,NA,CO,45,8,Garfield
NA,NA,CO,47,8,Gilpin
NA,NA,CO,49,8,Grand
NA,NA,CO,51,8,Gunnison
NA,NA,CO,53,8,Hinsdale
NA,NA,CO,55,8,Huerfano
NA,NA,CO,57,8,Jackson
2082,2080,CO,59,8,Jefferson
NA,NA,CO,61,8,Kiowa
NA,NA,CO,63,8,Kit Carson
NA,NA,CO,65,8,Lake
NA,NA,CO,67,8,La Plata
2670,NA,CO,69,8,Larimer
NA,NA,CO,71,8,Las Animas
NA,NA,CO,73,8,Lincoln
NA,NA,CO,75,8,Logan
NA,NA,CO,77,8,Mesa
NA,NA,CO,79,8,Mineral
NA,NA,CO,81,8,Moffat
NA,NA,CO,83,8,Montezuma
NA,NA,CO,85,8,Montrose
NA,NA,CO,87,8,Morgan
NA,NA,CO,89,8,Otero
NA,NA,CO,91,8,Ouray
NA,NA,CO,93,8,Park
NA,NA,CO,95,8,Phillips
NA,NA,CO,97,8,Pitkin
NA,NA,CO,99,8,Prowers
6560,NA,CO,101,8,Pueblo
NA,NA,CO,103,8,Rio Blanco
NA,NA,CO,105,8,Rio Grande
NA,NA,CO,107,8,Routt
NA,NA,CO,109,8,Saguache
NA,NA,CO,111,8,San Juan
NA,NA,CO,113,8,San Miguel
NA,NA,CO,115,8,Sedgwick
NA,NA,CO,117,8,Summit
NA,NA,CO,119,8,Teller
NA,NA,CO,121,8,Washington
2082,3060,CO,123,8,Weld
NA,NA,CO,125,8,Yuma
5483,NA,CT,1,9,Fairfield
3283,NA,CT,3,9,Hartford
NA,NA,CT,5,9,Litchfield
3283,NA,CT,7,9,Middlesex
5483,NA,CT,9,9,New Haven
5523,NA,CT,11,9,New London
3283,NA,CT,13,9,Tolland
NA,NA,CT,15,9,Windham
8872,8840,District of Columbia,1,11,District of Columbia
2190,NA,DE,1,10,Kent
6162,9160,DE,3,10,New Castle
NA,NA,DE,5,10,Sussex
2900,NA,FL,1,12,Alachua
NA,NA,FL,3,12,Baker
6015,NA,FL,5,12,Bay
NA,NA,FL,7,12,Bradford
4900,NA,FL,9,12,Brevard
4992,2680,FL,11,12,Broward
NA,NA,FL,13,12,Calhoun
6580,NA,FL,15,12,Charlotte
NA,NA,FL,17,12,Citrus
3600,NA,FL,19,12,Clay
5345,NA,FL,21,12,Collier
NA,NA,FL,23,12,Columbia
4992,5000,FL,25,12,Dade
NA,NA,FL,27,12,De Soto
NA,NA,FL,29,12,Dixie
3600,NA,FL,31,12,Duval
6080,NA,FL,33,12,Escambia
2020,NA,FL,35,12,Flagler
NA,NA,FL,37,12,Franklin
8240,NA,FL,39,12,Gadsden
NA,NA,FL,41,12,Gilchrist
NA,NA,FL,43,12,Glades
NA,NA,FL,45,12,Gulf
NA,NA,FL,47,12,Hamilton
NA,NA,FL,49,12,Hardee
NA,NA,FL,51,12,Hendry
8280,NA,FL,53,12,Hernando
NA,NA,FL,55,12,Highlands
8280,NA,FL,57,12,Hillsborough
NA,NA,FL,59,12,Holmes
NA,NA,FL,61,12,Indian River
NA,NA,FL,63,12,Jackson
NA,NA,FL,65,12,Jefferson
NA,NA,FL,67,12,Lafayette
5960,NA,FL,69,12,Lake
2700,NA,FL,71,12,Lee
8240,NA,FL,73,12,Leon
NA,NA,FL,75,12,Levy
NA,NA,FL,77,12,Liberty
NA,NA,FL,79,12,Madison
7510,NA,FL,81,12,Manatee
5790,NA,FL,83,12,Marion
2710,NA,FL,85,12,Martin
NA,NA,FL,87,12,Monroe
3600,NA,FL,89,12,Nassau
2750,NA,FL,91,12,Okaloosa
NA,NA,FL,93,12,Okeechobee
5960,NA,FL,95,12,Orange
5960,NA,FL,97,12,Osceola
8960,NA,FL,99,12,Palm Beach
8280,NA,FL,101,12,Pasco
8280,NA,FL,103,12,Pinellas
3980,NA,FL,105,12,Polk
NA,NA,FL,107,12,Putnam
3600,NA,FL,109,12,St. Johns
2710,NA,FL,111,12,St. Lucie
6080,NA,FL,113,12,Santa Rosa
7510,NA,FL,115,12,Sarasota
5960,NA,FL,117,12,Seminole
NA,NA,FL,119,12,Sumter
NA,NA,FL,121,12,Suwannee
NA,NA,FL,123,12,Taylor
NA,NA,FL,125,12,Union
2020,NA,FL,127,12,Volusia
NA,NA,FL,129,12,Wakulla
NA,NA,FL,131,12,Walton
NA,NA,FL,133,12,Washington
NA,NA,GA,1,13,Appling
NA,NA,GA,3,13,Atkinson
NA,NA,GA,5,13,Bacon
NA,NA,GA,7,13,Baker
NA,NA,GA,9,13,Baldwin
NA,NA,GA,11,13,Banks
520,NA,GA,13,13,Barrow
520,NA,GA,15,13,Bartow
NA,NA,GA,17,13,Ben Hill
NA,NA,GA,19,13,Berrien
4680,NA,GA,21,13,Bibb
NA,NA,GA,23,13,Bleckley
NA,NA,GA,25,13,Brantley
NA,NA,GA,27,13,Brooks
7520,NA,GA,29,13,Bryan
NA,NA,GA,31,13,Bulloch
NA,NA,GA,33,13,Burke
NA,NA,GA,35,13,Butts
NA,NA,GA,37,13,Calhoun
NA,NA,GA,39,13,Camden
NA,NA,GA,43,13,Candler
520,NA,GA,45,13,Carroll
1560,NA,GA,47,13,Catoosa
NA,NA,GA,49,13,Charlton
7520,NA,GA,51,13,Chatham
1800,NA,GA,53,13,Chattahoochee
NA,NA,GA,55,13,Chattooga
520,NA,GA,57,13,Cherokee
500,NA,GA,59,13,Clarke
NA,NA,GA,61,13,Clay
520,NA,GA,63,13,Clayton
NA,NA,GA,65,13,Clinch
520,NA,GA,67,13,Cobb
NA,NA,GA,69,13,Coffee
NA,NA,GA,71,13,Colquitt
600,NA,GA,73,13,Columbia
NA,NA,GA,75,13,Cook
520,NA,GA,77,13,Coweta
NA,NA,GA,79,13,Crawford
NA,NA,GA,81,13,Crisp
1560,NA,GA,83,13,Dade
NA,NA,GA,85,13,Dawson
NA,NA,GA,87,13,Decatur
520,NA,GA,89,13,De Kalb
NA,NA,GA,91,13,Dodge
NA,NA,GA,93,13,Dooly
120,NA,GA,95,13,Dougherty
520,NA,GA,97,13,Douglas
NA,NA,GA,99,13,Early
NA,NA,GA,101,13,Echols
7520,NA,GA,103,13,Effingham
NA,NA,GA,105,13,Elbert
NA,NA,GA,107,13,Emanuel
NA,NA,GA,109,13,Evans
NA,NA,GA,111,13,Fannin
520,NA,GA,113,13,Fayette
NA,NA,GA,115,13,Floyd
520,NA,GA,117,13,Forsyth
NA,NA,GA,119,13,Franklin
520,NA,GA,121,13,Fulton
NA,NA,GA,123,13,Gilmer
NA,NA,GA,125,13,Glascock
NA,NA,GA,127,13,Glynn
NA,NA,GA,129,13,Gordon
NA,NA,GA,131,13,Grady
NA,NA,GA,133,13,Greene
520,NA,GA,135,13,Gwinnett
NA,NA,GA,137,13,Habersham
NA,NA,GA,139,13,Hall
NA,NA,GA,141,13,Hancock
NA,NA,GA,143,13,Haralson
1800,NA,GA,145,13,Harris
NA,NA,GA,147,13,Hart
NA,NA,GA,149,13,Heard
520,NA,GA,151,13,Henry
4680,NA,GA,153,13,Houston
NA,NA,GA,155,13,Irwin
NA,NA,GA,157,13,Jackson
NA,NA,GA,159,13,Jasper
NA,NA,GA,161,13,Jeff Davis
NA,NA,GA,163,13,Jefferson
NA,NA,GA,165,13,Jenkins
NA,NA,GA,167,13,Johnson
4680,NA,GA,169,13,Jones
NA,NA,GA,171,13,Lamar
NA,NA,GA,173,13,Lanier
NA,NA,GA,175,13,Laurens
120,NA,GA,177,13,Lee
NA,NA,GA,179,13,Liberty
NA,NA,GA,181,13,Lincoln
NA,NA,GA,183,13,Long
NA,NA,GA,185,13,Lowndes
NA,NA,GA,187,13,Lumpkin
NA,NA,GA,189,13,McDuffie
NA,NA,GA,191,13,McIntosh
NA,NA,GA,193,13,Macon
500,NA,GA,195,13,Madison
NA,NA,GA,197,13,Marion
NA,NA,GA,199,13,Meriwether
NA,NA,GA,201,13,Miller
NA,NA,GA,205,13,Mitchell
NA,NA,GA,207,13,Monroe
NA,NA,GA,209,13,Montgomery
NA,NA,GA,211,13,Morgan
NA,NA,GA,213,13,Murray
1800,NA,GA,215,13,Muscogee
520,NA,GA,217,13,Newton
500,NA,GA,219,13,Oconee
NA,NA,GA,221,13,Oglethorpe
520,NA,GA,223,13,Paulding
4680,NA,GA,225,13,Peach
520,NA,GA,227,13,Pickens
NA,NA,GA,229,13,Pierce
NA,NA,GA,231,13,Pike
NA,NA,GA,233,13,Polk
NA,NA,GA,235,13,Pulaski
NA,NA,GA,237,13,Putnam
NA,NA,GA,239,13,Quitman
NA,NA,GA,241,13,Rabun
NA,NA,GA,243,13,Randolph
600,NA,GA,245,13,Richmond
520,NA,GA,247,13,Rockdale
NA,NA,GA,249,13,Schley
NA,NA,GA,251,13,Screven
NA,NA,GA,253,13,Seminole
520,NA,GA,255,13,Spalding
NA,NA,GA,257,13,Stephens
NA,NA,GA,259,13,Stewart
NA,NA,GA,261,13,Sumter
NA,NA,GA,263,13,Talbot
NA,NA,GA,265,13,Taliaferro
NA,NA,GA,267,13,Tattnall
NA,NA,GA,269,13,Taylor
NA,NA,GA,271,13,Telfair
NA,NA,GA,273,13,Terrell
NA,NA,GA,275,13,Thomas
NA,NA,GA,277,13,Tift
NA,NA,GA,279,13,Toombs
NA,NA,GA,281,13,Towns
NA,NA,GA,283,13,Treutlen
NA,NA,GA,285,13,Troup
NA,NA,GA,287,13,Turner
4680,NA,GA,289,13,Twiggs
NA,NA,GA,291,13,Union
NA,NA,GA,293,13,Upson
1560,NA,GA,295,13,Walker
520,NA,GA,297,13,Walton
NA,NA,GA,299,13,Ware
NA,NA,GA,301,13,Warren
NA,NA,GA,303,13,Washington
NA,NA,GA,305,13,Wayne
NA,NA,GA,307,13,Webster
NA,NA,GA,309,13,Wheeler
NA,NA,GA,311,13,White
NA,NA,GA,313,13,Whitfield
NA,NA,GA,315,13,Wilcox
NA,NA,GA,317,13,Wilkes
NA,NA,GA,319,13,Wilkinson
NA,NA,GA,321,13,Worth
NA,NA,HI,1,15,Hawaii
3320,NA,HI,3,15,Honolulu
NA,NA,HI,5,15,Kalawao
NA,NA,HI,7,15,Kauai
NA,NA,HI,9,15,Maui
NA,NA,IA,1,19,Adair
NA,NA,IA,3,19,Adams
NA,NA,IA,5,19,Allamakee
NA,NA,IA,7,19,Appanoose
NA,NA,IA,9,19,Audubon
NA,NA,IA,11,19,Benton
8920,NA,IA,13,19,Black Hawk
NA,NA,IA,15,19,Boone
NA,NA,IA,17,19,Bremer
NA,NA,IA,19,19,Buchanan
NA,NA,IA,21,19,Buena Vista
NA,NA,IA,23,19,Butler
NA,NA,IA,25,19,Calhoun
NA,NA,IA,27,19,Carroll
NA,NA,IA,29,19,Cass
NA,NA,IA,31,19,Cedar
NA,NA,IA,33,19,Cerro Gordo
NA,NA,IA,35,19,Cherokee
NA,NA,IA,37,19,Chickasaw
NA,NA,IA,39,19,Clarke
NA,NA,IA,41,19,Clay
NA,NA,IA,43,19,Clayton
NA,NA,IA,45,19,Clinton
NA,NA,IA,47,19,Crawford
2120,NA,IA,49,19,Dallas
NA,NA,IA,51,19,Davis
NA,NA,IA,53,19,Decatur
NA,NA,IA,55,19,Delaware
NA,NA,IA,57,19,Des Moines
NA,NA,IA,59,19,Dickinson
2200,NA,IA,61,19,Dubuque
NA,NA,IA,63,19,Emmet
NA,NA,IA,65,19,Fayette
NA,NA,IA,67,19,Floyd
NA,NA,IA,69,19,Franklin
NA,NA,IA,71,19,Fremont
NA,NA,IA,73,19,Greene
NA,NA,IA,75,19,Grundy
NA,NA,IA,77,19,Guthrie
NA,NA,IA,79,19,Hamilton
NA,NA,IA,81,19,Hancock
NA,NA,IA,83,19,Hardin
NA,NA,IA,85,19,Harrison
NA,NA,IA,87,19,Henry
NA,NA,IA,89,19,Howard
NA,NA,IA,91,19,Humboldt
NA,NA,IA,93,19,Ida
NA,NA,IA,95,19,Iowa
NA,NA,IA,97,19,Jackson
NA,NA,IA,99,19,Jasper
NA,NA,IA,101,19,Jefferson
3500,NA,IA,103,19,Johnson
NA,NA,IA,105,19,Jones
NA,NA,IA,107,19,Keokuk
NA,NA,IA,109,19,Kossuth
NA,NA,IA,111,19,Lee
1360,NA,IA,113,19,Linn
NA,NA,IA,115,19,Louisa
NA,NA,IA,117,19,Lucas
NA,NA,IA,119,19,Lyon
NA,NA,IA,121,19,Madison
NA,NA,IA,123,19,Mahaska
NA,NA,IA,125,19,Marion
NA,NA,IA,127,19,Marshall
NA,NA,IA,129,19,Mills
NA,NA,IA,131,19,Mitchell
NA,NA,IA,133,19,Monona
NA,NA,IA,135,19,Monroe
NA,NA,IA,137,19,Montgomery
NA,NA,IA,139,19,Muscatine
NA,NA,IA,141,19,O'Brien
NA,NA,IA,143,19,Osceola
NA,NA,IA,145,19,Page
NA,NA,IA,147,19,Palo Alto
NA,NA,IA,149,19,Plymouth
NA,NA,IA,151,19,Pocahontas
2120,NA,IA,153,19,Polk
5920,NA,IA,155,19,Pottawattamie
NA,NA,IA,157,19,Poweshiek
NA,NA,IA,159,19,Ringgold
NA,NA,IA,161,19,Sac
1960,NA,IA,163,19,Scott
NA,NA,IA,165,19,Shelby
NA,NA,IA,167,19,Sioux
NA,NA,IA,169,19,Story
NA,NA,IA,171,19,Tama
NA,NA,IA,173,19,Taylor
NA,NA,IA,175,19,Union
NA,NA,IA,177,19,Van Buren
NA,NA,IA,179,19,Wapello
2120,NA,IA,181,19,Warren
NA,NA,IA,183,19,Washington
NA,NA,IA,185,19,Wayne
NA,NA,IA,187,19,Webster
NA,NA,IA,189,19,Winnebago
NA,NA,IA,191,19,Winneshiek
7720,NA,IA,193,19,Woodbury
NA,NA,IA,195,19,Worth
NA,NA,IA,197,19,Wright
1080,NA,ID,1,16,Ada
NA,NA,ID,3,16,Adams
NA,NA,ID,5,16,Bannock
NA,NA,ID,7,16,Bear Lake
NA,NA,ID,9,16,Benewah
NA,NA,ID,11,16,Bingham
NA,NA,ID,13,16,Blaine
NA,NA,ID,15,16,Boise
NA,NA,ID,17,16,Bonner
NA,NA,ID,19,16,Bonneville
NA,NA,ID,21,16,Boundary
NA,NA,ID,23,16,Butte
NA,NA,ID,25,16,Camas
1080,NA,ID,27,16,Canyon
NA,NA,ID,29,16,Caribou
NA,NA,ID,31,16,Cassia
NA,NA,ID,33,16,Clark
NA,NA,ID,35,16,Clearwater
NA,NA,ID,37,16,Custer
NA,NA,ID,39,16,Elmore
NA,NA,ID,41,16,Franklin
NA,NA,ID,43,16,Fremont
NA,NA,ID,45,16,Gem
NA,NA,ID,47,16,Gooding
NA,NA,ID,49,16,Idaho
NA,NA,ID,51,16,Jefferson
NA,NA,ID,53,16,Jerome
NA,NA,ID,55,16,Kootenai
NA,NA,ID,57,16,Latah
NA,NA,ID,59,16,Lemhi
NA,NA,ID,61,16,Lewis
NA,NA,ID,63,16,Lincoln
NA,NA,ID,65,16,Madison
NA,NA,ID,67,16,Minidoka
NA,NA,ID,69,16,Nez Perce
NA,NA,ID,71,16,Oneida
NA,NA,ID,73,16,Owyhee
NA,NA,ID,75,16,Payette
NA,NA,ID,77,16,Power
NA,NA,ID,79,16,Shoshone
NA,NA,ID,81,16,Teton
NA,NA,ID,83,16,Twin Falls
NA,NA,ID,85,16,Valley
NA,NA,ID,87,16,Washington
NA,NA,IL,1,17,Adams
NA,NA,IL,3,17,Alexander
NA,NA,IL,5,17,Bond
6880,NA,IL,7,17,Boone
NA,NA,IL,9,17,Brown
NA,NA,IL,11,17,Bureau
NA,NA,IL,13,17,Calhoun
NA,NA,IL,15,17,Carroll
NA,NA,IL,17,17,Cass
1400,NA,IL,19,17,Champaign
NA,NA,IL,21,17,Christian
NA,NA,IL,23,17,Clark
NA,NA,IL,25,17,Clay
7040,NA,IL,27,17,Clinton
NA,NA,IL,29,17,Coles
1602,1600,IL,31,17,Cook
NA,NA,IL,33,17,Crawford
NA,NA,IL,35,17,Cumberland
1602,1600,IL,37,17,DeKalb
NA,NA,IL,39,17,De Witt
NA,NA,IL,41,17,Douglas
1602,1600,IL,43,17,DuPage
NA,NA,IL,45,17,Edgar
NA,NA,IL,47,17,Edwards
NA,NA,IL,49,17,Effingham
NA,NA,IL,51,17,Fayette
NA,NA,IL,53,17,Ford
NA,NA,IL,55,17,Franklin
NA,NA,IL,57,17,Fulton
NA,NA,IL,59,17,Gallatin
NA,NA,IL,61,17,Greene
1602,1600,IL,63,17,Grundy
NA,NA,IL,65,17,Hamilton
NA,NA,IL,67,17,Hancock
NA,NA,IL,69,17,Hardin
NA,NA,IL,71,17,Henderson
1960,NA,IL,73,17,Henry
NA,NA,IL,75,17,Iroquois
NA,NA,IL,77,17,Jackson
NA,NA,IL,79,17,Jasper
NA,NA,IL,81,17,Jefferson
7040,NA,IL,83,17,Jersey
NA,NA,IL,85,17,Jo Daviess
NA,NA,IL,87,17,Johnson
1602,1600,IL,89,17,Kane
1602,3740,IL,91,17,Kankakee
1602,1600,IL,93,17,Kendall
NA,NA,IL,95,17,Knox
1602,1600,IL,97,17,Lake
NA,NA,IL,99,17,La Salle
NA,NA,IL,101,17,Lawrence
NA,NA,IL,103,17,Lee
NA,NA,IL,105,17,Livingston
NA,NA,IL,107,17,Logan
NA,NA,IL,109,17,McDonough
1602,1600,IL,111,17,McHenry
1040,NA,IL,113,17,McLean
2040,NA,IL,115,17,Macon
NA,NA,IL,117,17,Macoupin
7040,NA,IL,119,17,Madison
NA,NA,IL,121,17,Marion
NA,NA,IL,123,17,Marshall
NA,NA,IL,125,17,Mason
NA,NA,IL,127,17,Massac
7880,NA,IL,129,17,Menard
NA,NA,IL,131,17,Mercer
7040,NA,IL,133,17,Monroe
NA,NA,IL,135,17,Montgomery
NA,NA,IL,137,17,Morgan
NA,NA,IL,139,17,Moultrie
6880,NA,IL,141,17,Ogle
6120,NA,IL,143,17,Peoria
NA,NA,IL,145,17,Perry
NA,NA,IL,147,17,Piatt
NA,NA,IL,149,17,Pike
NA,NA,IL,151,17,Pope
NA,NA,IL,153,17,Pulaski
NA,NA,IL,155,17,Putnam
NA,NA,IL,157,17,Randolph
NA,NA,IL,159,17,Richland
1960,NA,IL,161,17,Rock Island
7040,NA,IL,163,17,St. Clair
NA,NA,IL,165,17,Saline
7880,NA,IL,167,17,Sangamon
NA,NA,IL,169,17,Schuyler
NA,NA,IL,171,17,Scott
NA,NA,IL,173,17,Shelby
NA,NA,IL,175,17,Stark
NA,NA,IL,177,17,Stephenson
6120,NA,IL,179,17,Tazewell
NA,NA,IL,181,17,Union
NA,NA,IL,183,17,Vermilion
NA,NA,IL,185,17,Wabash
NA,NA,IL,187,17,Warren
NA,NA,IL,189,17,Washington
NA,NA,IL,191,17,Wayne
NA,NA,IL,193,17,White
NA,NA,IL,195,17,Whiteside
1602,1600,IL,197,17,Will
NA,NA,IL,199,17,Williamson
6880,NA,IL,201,17,Winnebago
6120,NA,IL,203,17,Woodford
2760,NA,IN,1,18,Adams
2760,NA,IN,3,18,Allen
NA,NA,IN,5,18,Bartholomew
NA,NA,IN,7,18,Benton
NA,NA,IN,9,18,Blackford
3480,NA,IN,11,18,Boone
NA,NA,IN,13,18,Brown
NA,NA,IN,15,18,Carroll
NA,NA,IN,17,18,Cass
4520,NA,IN,19,18,Clark
8320,NA,IN,21,18,Clay
3920,NA,IN,23,18,Clinton
NA,NA,IN,25,18,Crawford
NA,NA,IN,27,18,Daviess
1642,1640,IN,29,18,Dearborn
NA,NA,IN,31,18,Decatur
2760,NA,IN,33,18,De Kalb
5280,NA,IN,35,18,Delaware
NA,NA,IN,37,18,Dubois
2330,NA,IN,39,18,Elkhart
NA,NA,IN,41,18,Fayette
4520,NA,IN,43,18,Floyd
NA,NA,IN,45,18,Fountain
NA,NA,IN,47,18,Franklin
NA,NA,IN,49,18,Fulton
NA,NA,IN,51,18,Gibson
NA,NA,IN,53,18,Grant
NA,NA,IN,55,18,Greene
3480,NA,IN,57,18,Hamilton
3480,NA,IN,59,18,Hancock
4520,NA,IN,61,18,Harrison
3480,NA,IN,63,18,Hendricks
NA,NA,IN,65,18,Henry
3850,NA,IN,67,18,Howard
2760,NA,IN,69,18,Huntington
NA,NA,IN,71,18,Jackson
NA,NA,IN,73,18,Jasper
NA,NA,IN,75,18,Jay
NA,NA,IN,77,18,Jefferson
NA,NA,IN,79,18,Jennings
3480,NA,IN,81,18,Johnson
NA,NA,IN,83,18,Knox
NA,NA,IN,85,18,Kosciusko
NA,NA,IN,87,18,Lagrange
1602,2960,IN,89,18,Lake
NA,NA,IN,91,18,La Porte
NA,NA,IN,93,18,Lawrence
3480,NA,IN,95,18,Madison
3480,NA,IN,97,18,Marion
NA,NA,IN,99,18,Marshall
NA,NA,IN,101,18,Martin
NA,NA,IN,103,18,Miami
1020,NA,IN,105,18,Monroe
NA,NA,IN,107,18,Montgomery
3480,NA,IN,109,18,Morgan
NA,NA,IN,111,18,Newton
NA,NA,IN,113,18,Noble
1642,1640,IN,115,18,Ohio
NA,NA,IN,117,18,Orange
NA,NA,IN,119,18,Owen
NA,NA,IN,121,18,Parke
NA,NA,IN,123,18,Perry
NA,NA,IN,125,18,Pike
1602,2960,IN,127,18,Porter
2440,NA,IN,129,18,Posey
NA,NA,IN,131,18,Pulaski
NA,NA,IN,133,18,Putnam
NA,NA,IN,135,18,Randolph
NA,NA,IN,137,18,Ripley
NA,NA,IN,139,18,Rush
7800,NA,IN,141,18,St. Joseph
4520,NA,IN,143,18,Scott
3480,NA,IN,145,18,Shelby
NA,NA,IN,147,18,Spencer
NA,NA,IN,149,18,Starke
NA,NA,IN,151,18,Steuben
NA,NA,IN,153,18,Sullivan
NA,NA,IN,155,18,Switzerland
3920,NA,IN,157,18,Tippecanoe
3850,NA,IN,159,18,Tipton
NA,NA,IN,161,18,Union
2440,NA,IN,163,18,Vanderburgh
8320,NA,IN,165,18,Vermillion
8320,NA,IN,167,18,Vigo
NA,NA,IN,169,18,Wabash
NA,NA,IN,171,18,Warren
2440,NA,IN,173,18,Warrick
NA,NA,IN,175,18,Washington
NA,NA,IN,177,18,Wayne
2760,NA,IN,179,18,Wells
NA,NA,IN,181,18,White
2760,NA,IN,183,18,Whitley
NA,NA,KS,1,20,Allen
NA,NA,KS,3,20,Anderson
NA,NA,KS,5,20,Atchison
NA,NA,KS,7,20,Barber
NA,NA,KS,9,20,Barton
NA,NA,KS,11,20,Bourbon
NA,NA,KS,13,20,Brown
9040,NA,KS,15,20,Butler
NA,NA,KS,17,20,Chase
NA,NA,KS,19,20,Chautauqua
NA,NA,KS,21,20,Cherokee
NA,NA,KS,23,20,Cheyenne
NA,NA,KS,25,20,Clark
NA,NA,KS,27,20,Clay
NA,NA,KS,29,20,Cloud
NA,NA,KS,31,20,Coffey
NA,NA,KS,33,20,Comanche
NA,NA,KS,35,20,Cowley
NA,NA,KS,37,20,Crawford
NA,NA,KS,39,20,Decatur
NA,NA,KS,41,20,Dickinson
NA,NA,KS,43,20,Doniphan
4150,NA,KS,45,20,Douglas
NA,NA,KS,47,20,Edwards
NA,NA,KS,49,20,Elk
NA,NA,KS,51,20,Ellis
NA,NA,KS,53,20,Ellsworth
NA,NA,KS,55,20,Finney
NA,NA,KS,57,20,Ford
NA,NA,KS,59,20,Franklin
NA,NA,KS,61,20,Geary
NA,NA,KS,63,20,Gove
NA,NA,KS,65,20,Graham
NA,NA,KS,67,20,Grant
NA,NA,KS,69,20,Gray
NA,NA,KS,71,20,Greeley
NA,NA,KS,73,20,Greenwood
NA,NA,KS,75,20,Hamilton
NA,NA,KS,77,20,Harper
9040,NA,KS,79,20,Harvey
NA,NA,KS,81,20,Haskell
NA,NA,KS,83,20,Hodgeman
NA,NA,KS,85,20,Jackson
NA,NA,KS,87,20,Jefferson
NA,NA,KS,89,20,Jewell
3760,NA,KS,91,20,Johnson
NA,NA,KS,93,20,Kearny
NA,NA,KS,95,20,Kingman
NA,NA,KS,97,20,Kiowa
NA,NA,KS,99,20,Labette
NA,NA,KS,101,20,Lane
3760,NA,KS,103,20,Leavenworth
NA,NA,KS,105,20,Lincoln
NA,NA,KS,107,20,Linn
NA,NA,KS,109,20,Logan
NA,NA,KS,111,20,Lyon
NA,NA,KS,113,20,McPherson
NA,NA,KS,115,20,Marion
NA,NA,KS,117,20,Marshall
NA,NA,KS,119,20,Meade
3760,NA,KS,121,20,Miami
NA,NA,KS,123,20,Mitchell
NA,NA,KS,125,20,Montgomery
NA,NA,KS,127,20,Morris
NA,NA,KS,129,20,Morton
NA,NA,KS,131,20,Nemaha
NA,NA,KS,133,20,Neosho
NA,NA,KS,135,20,Ness
NA,NA,KS,137,20,Norton
NA,NA,KS,139,20,Osage
NA,NA,KS,141,20,Osborne
NA,NA,KS,143,20,Ottawa
NA,NA,KS,145,20,Pawnee
NA,NA,KS,147,20,Phillips
NA,NA,KS,149,20,Pottawatomie
NA,NA,KS,151,20,Pratt
NA,NA,KS,153,20,Rawlins
NA,NA,KS,155,20,Reno
NA,NA,KS,157,20,Republic
NA,NA,KS,159,20,Rice
NA,NA,KS,161,20,Riley
NA,NA,KS,163,20,Rooks
NA,NA,KS,165,20,Rush
NA,NA,KS,167,20,Russell
NA,NA,KS,169,20,Saline
NA,NA,KS,171,20,Scott
9040,NA,KS,173,20,Sedgwick
NA,NA,KS,175,20,Seward
8440,NA,KS,177,20,Shawnee
NA,NA,KS,179,20,Sheridan
NA,NA,KS,181,20,Sherman
NA,NA,KS,183,20,Smith
NA,NA,KS,185,20,Stafford
NA,NA,KS,187,20,Stanton
NA,NA,KS,189,20,Stevens
NA,NA,KS,191,20,Sumner
NA,NA,KS,193,20,Thomas
NA,NA,KS,195,20,Trego
NA,NA,KS,197,20,Wabaunsee
NA,NA,KS,199,20,Wallace
NA,NA,KS,201,20,Washington
NA,NA,KS,203,20,Wichita
NA,NA,KS,205,20,Wilson
NA,NA,KS,207,20,Woodson
3760,NA,KS,209,20,Wyandotte
NA,NA,KY,1,21,Adair
NA,NA,KY,3,21,Allen
NA,NA,KY,5,21,Anderson
NA,NA,KY,7,21,Ballard
NA,NA,KY,9,21,Barren
NA,NA,KY,11,21,Bath
NA,NA,KY,13,21,Bell
1642,1640,KY,15,21,Boone
4280,NA,KY,17,21,Bourbon
3400,NA,KY,19,21,Boyd
NA,NA,KY,21,21,Boyle
NA,NA,KY,23,21,Bracken
NA,NA,KY,25,21,Breathitt
NA,NA,KY,27,21,Breckinridge
4520,NA,KY,29,21,Bullitt
NA,NA,KY,31,21,Butler
NA,NA,KY,33,21,Caldwell
NA,NA,KY,35,21,Calloway
1642,1640,KY,37,21,Campbell
NA,NA,KY,39,21,Carlisle
NA,NA,KY,41,21,Carroll
NA,NA,KY,43,21,Carter
NA,NA,KY,45,21,Casey
1660,NA,KY,47,21,Christian
4280,NA,KY,49,21,Clark
NA,NA,KY,51,21,Clay
NA,NA,KY,53,21,Clinton
NA,NA,KY,55,21,Crittenden
NA,NA,KY,57,21,Cumberland
5990,NA,KY,59,21,Daviess
NA,NA,KY,61,21,Edmonson
NA,NA,KY,63,21,Elliott
NA,NA,KY,65,21,Estill
4280,NA,KY,67,21,Fayette
NA,NA,KY,69,21,Fleming
NA,NA,KY,71,21,Floyd
NA,NA,KY,73,21,Franklin
NA,NA,KY,75,21,Fulton
1642,1640,KY,77,21,Gallatin
NA,NA,KY,79,21,Garrard
1642,1640,KY,81,21,Grant
NA,NA,KY,83,21,Graves
NA,NA,KY,85,21,Grayson
NA,NA,KY,87,21,Green
3400,NA,KY,89,21,Greenup
NA,NA,KY,91,21,Hancock
NA,NA,KY,93,21,Hardin
NA,NA,KY,95,21,Harlan
NA,NA,KY,97,21,Harrison
NA,NA,KY,99,21,Hart
2440,NA,KY,101,21,Henderson
NA,NA,KY,103,21,Henry
NA,NA,KY,105,21,Hickman
NA,NA,KY,107,21,Hopkins
NA,NA,KY,109,21,Jackson
4520,NA,KY,111,21,Jefferson
4280,NA,KY,113,21,Jessamine
NA,NA,KY,115,21,Johnson
1642,1640,KY,117,21,Kenton
NA,NA,KY,119,21,Knott
NA,NA,KY,121,21,Knox
NA,NA,KY,123,21,Larue
NA,NA,KY,125,21,Laurel
NA,NA,KY,127,21,Lawrence
NA,NA,KY,129,21,Lee
NA,NA,KY,131,21,Leslie
NA,NA,KY,133,21,Letcher
NA,NA,KY,135,21,Lewis
NA,NA,KY,137,21,Lincoln
NA,NA,KY,139,21,Livingston
NA,NA,KY,141,21,Logan
NA,NA,KY,143,21,Lyon
NA,NA,KY,145,21,McCracken
NA,NA,KY,147,21,McCreary
NA,NA,KY,149,21,McLean
4280,NA,KY,151,21,Madison
NA,NA,KY,153,21,Magoffin
NA,NA,KY,155,21,Marion
NA,NA,KY,157,21,Marshall
NA,NA,KY,159,21,Martin
NA,NA,KY,161,21,Mason
NA,NA,KY,163,21,Meade
NA,NA,KY,165,21,Menifee
NA,NA,KY,167,21,Mercer
NA,NA,KY,169,21,Metcalfe
NA,NA,KY,171,21,Monroe
NA,NA,KY,173,21,Montgomery
NA,NA,KY,175,21,Morgan
NA,NA,KY,177,21,Muhlenberg
NA,NA,KY,179,21,Nelson
NA,NA,KY,181,21,Nicholas
NA,NA,KY,183,21,Ohio
4520,NA,KY,185,21,Oldham
NA,NA,KY,187,21,Owen
NA,NA,KY,189,21,Owsley
1642,1640,KY,191,21,Pendleton
NA,NA,KY,193,21,Perry
NA,NA,KY,195,21,Pike
NA,NA,KY,197,21,Powell
NA,NA,KY,199,21,Pulaski
NA,NA,KY,201,21,Robertson
NA,NA,KY,203,21,Rockcastle
NA,NA,KY,205,21,Rowan
NA,NA,KY,207,21,Russell
4280,NA,KY,209,21,Scott
NA,NA,KY,211,21,Shelby
NA,NA,KY,213,21,Simpson
NA,NA,KY,215,21,Spencer
NA,NA,KY,217,21,Taylor
NA,NA,KY,219,21,Todd
NA,NA,KY,221,21,Trigg
NA,NA,KY,223,21,Trimble
NA,NA,KY,225,21,Union
NA,NA,KY,227,21,Warren
NA,NA,KY,229,21,Washington
NA,NA,KY,231,21,Wayne
NA,NA,KY,233,21,Webster
NA,NA,KY,235,21,Whitley
NA,NA,KY,237,21,Wolfe
4280,NA,KY,239,21,Woodford
3880,NA,LA,1,22,Acadia
NA,NA,LA,3,22,Allen
NA,NA,LA,5,22,Ascension
NA,NA,LA,7,22,Assumption
NA,NA,LA,9,22,Avoyelles
NA,NA,LA,11,22,Beauregard
NA,NA,LA,13,22,Bienville
7680,NA,LA,15,22,Bossier
7680,NA,LA,17,22,Caddo
3960,NA,LA,19,22,Calcasieu
NA,NA,LA,21,22,Caldwell
NA,NA,LA,23,22,Cameron
NA,NA,LA,25,22,Catahoula
NA,NA,LA,27,22,Claiborne
NA,NA,LA,29,22,Concordia
NA,NA,LA,31,22,De Soto
760,NA,LA,33,22,East Baton Rouge
NA,NA,LA,35,22,East Carroll
NA,NA,LA,37,22,East Feliciana
NA,NA,LA,39,22,Evangeline
NA,NA,LA,41,22,Franklin
NA,NA,LA,43,22,Grant
NA,NA,LA,45,22,Iberia
NA,NA,LA,47,22,Iberville
NA,NA,LA,49,22,Jackson
5560,NA,LA,51,22,Jefferson
NA,NA,LA,53,22,Jefferson Davis
3880,NA,LA,55,22,Lafayette
3350,NA,LA,57,22,Lafourche
NA,NA,LA,59,22,La Salle
NA,NA,LA,61,22,Lincoln
760,NA,LA,63,22,Livingston
NA,NA,LA,65,22,Madison
NA,NA,LA,67,22,Morehouse
NA,NA,LA,69,22,Natchitoches
5560,NA,LA,71,22,Orleans
5200,NA,LA,73,22,Ouachita
5560,NA,LA,75,22,Plaquemines
NA,NA,LA,77,22,Pointe Coupee
220,NA,LA,79,22,Rapides
NA,NA,LA,81,22,Red River
NA,NA,LA,83,22,Richland
NA,NA,LA,85,22,Sabine
5560,NA,LA,87,22,St. Bernard
5560,NA,LA,89,22,St. Charles
NA,NA,LA,91,22,St. Helena
5560,NA,LA,93,22,St. James
5560,NA,LA,95,22,St. John the Baptist
3880,NA,LA,97,22,St. Landry
3880,NA,LA,99,22,St. Martin
NA,NA,LA,101,22,St. Mary
5560,NA,LA,103,22,St. Tammany
NA,NA,LA,105,22,Tangipahoa
NA,NA,LA,107,22,Tensas
3350,NA,LA,109,22,Terrebonne
NA,NA,LA,111,22,Union
NA,NA,LA,113,22,Vermilion
NA,NA,LA,115,22,Vernon
NA,NA,LA,117,22,Washington
7680,NA,LA,119,22,Webster
760,NA,LA,121,22,West Baton Rouge
NA,NA,LA,123,22,West Carroll
NA,NA,LA,125,22,West Feliciana
NA,NA,LA,127,22,Winn
743,NA,MA,1,25,Barnstable
6323,NA,MA,3,25,Berkshire
1123,NA,MA,5,25,Bristol
NA,NA,MA,7,25,Dukes
1123,NA,MA,9,25,Essex
NA,NA,MA,11,25,Franklin
8003,NA,MA,13,25,Hampden
8003,NA,MA,15,25,Hampshire
1123,NA,MA,17,25,Middlesex
NA,NA,MA,19,25,Nantucket
1123,NA,MA,21,25,Norfolk
1123,NA,MA,23,25,Plymouth
1123,NA,MA,25,25,Suffolk
1123,NA,MA,27,25,Worcester
1900,NA,MD,1,24,Allegany
8872,720,MD,3,24,Anne Arundel
8872,720,MD,5,24,Baltimore
8872,8840,MD,9,24,Calvert
NA,NA,MD,11,24,Caroline
8872,720,MD,13,24,Carroll
6162,9160,MD,15,24,Cecil
8872,8840,MD,17,24,Charles
NA,NA,MD,19,24,Dorchester
8872,8840,MD,21,24,Frederick
NA,NA,MD,23,24,Garrett
8872,720,MD,25,24,Harford
8872,720,MD,27,24,Howard
NA,NA,MD,29,24,Kent
8872,8840,MD,31,24,Montgomery
8872,8840,MD,33,24,Prince George's
8872,720,MD,35,24,Queen Anne's
NA,NA,MD,37,24,St. Mary's
NA,NA,MD,39,24,Somerset
NA,NA,MD,41,24,Talbot
8872,3180,MD,43,24,Washington
NA,NA,MD,45,24,Wicomico
NA,NA,MD,47,24,Worcester
8872,720,MD,510,24,Baltimore city
4243,NA,ME,1,23,Androscoggin
NA,NA,ME,3,23,Aroostook
6403,NA,ME,5,23,Cumberland
NA,NA,ME,7,23,Franklin
NA,NA,ME,9,23,Hancock
NA,NA,ME,11,23,Kennebec
NA,NA,ME,13,23,Knox
NA,NA,ME,15,23,Lincoln
NA,NA,ME,17,23,Oxford
733,NA,ME,19,23,Penobscot
NA,NA,ME,21,23,Piscataquis
NA,NA,ME,23,23,Sagadahoc
NA,NA,ME,25,23,Somerset
NA,NA,ME,27,23,Waldo
NA,NA,ME,29,23,Washington
NA,NA,ME,31,23,York
NA,NA,MI,1,26,Alcona
NA,NA,MI,3,26,Alger
3000,NA,MI,5,26,Allegan
NA,NA,MI,7,26,Alpena
NA,NA,MI,9,26,Antrim
NA,NA,MI,11,26,Arenac
NA,NA,MI,13,26,Baraga
NA,NA,MI,15,26,Barry
6960,NA,MI,17,26,Bay
NA,NA,MI,19,26,Benzie
870,NA,MI,21,26,Berrien
NA,NA,MI,23,26,Branch
3720,NA,MI,25,26,Calhoun
NA,NA,MI,27,26,Cass
NA,NA,MI,29,26,Charlevoix
NA,NA,MI,31,26,Cheboygan
NA,NA,MI,33,26,Chippewa
NA,NA,MI,35,26,Clare
4040,NA,MI,37,26,Clinton
NA,NA,MI,39,26,Crawford
NA,NA,MI,41,26,Delta
NA,NA,MI,43,26,Dickinson
4040,NA,MI,45,26,Eaton
NA,NA,MI,47,26,Emmet
2162,2640,MI,49,26,Genesee
NA,NA,MI,51,26,Gladwin
NA,NA,MI,53,26,Gogebic
NA,NA,MI,55,26,Grand Traverse
NA,NA,MI,57,26,Gratiot
NA,NA,MI,59,26,Hillsdale
NA,NA,MI,61,26,Houghton
NA,NA,MI,63,26,Huron
4040,NA,MI,65,26,Ingham
NA,NA,MI,67,26,Ionia
NA,NA,MI,69,26,Iosco
NA,NA,MI,71,26,Iron
NA,NA,MI,73,26,Isabella
3520,NA,MI,75,26,Jackson
3720,NA,MI,77,26,Kalamazoo
NA,NA,MI,79,26,Kalkaska
3000,NA,MI,81,26,Kent
NA,NA,MI,83,26,Keweenaw
NA,NA,MI,85,26,Lake
2162,2160,MI,87,26,Lapeer
NA,NA,MI,89,26,Leelanau
2162,440,MI,91,26,Lenawee
2162,440,MI,93,26,Livingston
NA,NA,MI,95,26,Luce
NA,NA,MI,97,26,Mackinac
2162,2160,MI,99,26,Macomb
NA,NA,MI,101,26,Manistee
NA,NA,MI,103,26,Marquette
NA,NA,MI,105,26,Mason
NA,NA,MI,107,26,Mecosta
NA,NA,MI,109,26,Menominee
6960,NA,MI,111,26,Midland
NA,NA,MI,113,26,Missaukee
2162,2160,MI,115,26,Monroe
NA,NA,MI,117,26,Montcalm
NA,NA,MI,119,26,Montmorency
3000,NA,MI,121,26,Muskegon
NA,NA,MI,123,26,Newaygo
2162,2160,MI,125,26,Oakland
NA,NA,MI,127,26,Oceana
NA,NA,MI,129,26,Ogemaw
NA,NA,MI,131,26,Ontonagon
NA,NA,MI,133,26,Osceola
NA,NA,MI,135,26,Oscoda
NA,NA,MI,137,26,Otsego
3000,NA,MI,139,26,Ottawa
NA,NA,MI,141,26,Presque Isle
NA,NA,MI,143,26,Roscommon
6960,NA,MI,145,26,Saginaw
2162,2160,MI,147,26,St. Clair
NA,NA,MI,149,26,St. Joseph
NA,NA,MI,151,26,Sanilac
NA,NA,MI,153,26,Schoolcraft
NA,NA,MI,155,26,Shiawassee
NA,NA,MI,157,26,Tuscola
3720,NA,MI,159,26,Van Buren
2162,440,MI,161,26,Washtenaw
2162,2160,MI,163,26,Wayne
NA,NA,MI,165,26,Wexford
NA,NA,MN,1,27,Aitkin
5120,NA,MN,3,27,Anoka
NA,NA,MN,5,27,Becker
NA,NA,MN,7,27,Beltrami
6980,NA,MN,9,27,Benton
NA,NA,MN,11,27,Big Stone
NA,NA,MN,13,27,Blue Earth
NA,NA,MN,15,27,Brown
NA,NA,MN,17,27,Carlton
5120,NA,MN,19,27,Carver
NA,NA,MN,21,27,Cass
NA,NA,MN,23,27,Chippewa
5120,NA,MN,25,27,Chisago
2520,NA,MN,27,27,Clay
NA,NA,MN,29,27,Clearwater
NA,NA,MN,31,27,Cook
NA,NA,MN,33,27,Cottonwood
NA,NA,MN,35,27,Crow Wing
5120,NA,MN,37,27,Dakota
NA,NA,MN,39,27,Dodge
NA,NA,MN,41,27,Douglas
NA,NA,MN,43,27,Faribault
NA,NA,MN,45,27,Fillmore
NA,NA,MN,47,27,Freeborn
NA,NA,MN,49,27,Goodhue
NA,NA,MN,51,27,Grant
5120,NA,MN,53,27,Hennepin
3870,NA,MN,55,27,Houston
NA,NA,MN,57,27,Hubbard
5120,NA,MN,59,27,Isanti
NA,NA,MN,61,27,Itasca
NA,NA,MN,63,27,Jackson
NA,NA,MN,65,27,Kanabec
NA,NA,MN,67,27,Kandiyohi
NA,NA,MN,69,27,Kittson
NA,NA,MN,71,27,Koochiching
NA,NA,MN,73,27,Lac qui Parle
NA,NA,MN,75,27,Lake
NA,NA,MN,77,27,Lake of the Woods
NA,NA,MN,79,27,Le Sueur
NA,NA,MN,81,27,Lincoln
NA,NA,MN,83,27,Lyon
NA,NA,MN,85,27,McLeod
NA,NA,MN,87,27,Mahnomen
NA,NA,MN,89,27,Marshall
NA,NA,MN,91,27,Martin
NA,NA,MN,93,27,Meeker
NA,NA,MN,95,27,Mille Lacs
NA,NA,MN,97,27,Morrison
NA,NA,MN,99,27,Mower
NA,NA,MN,101,27,Murray
NA,NA,MN,103,27,Nicollet
NA,NA,MN,105,27,Nobles
NA,NA,MN,107,27,Norman
6820,NA,MN,109,27,Olmsted
NA,NA,MN,111,27,Otter Tail
NA,NA,MN,113,27,Pennington
NA,NA,MN,115,27,Pine
NA,NA,MN,117,27,Pipestone
2985,NA,MN,119,27,Polk
NA,NA,MN,121,27,Pope
5120,NA,MN,123,27,Ramsey
NA,NA,MN,125,27,Red Lake
NA,NA,MN,127,27,Redwood
NA,NA,MN,129,27,Renville
NA,NA,MN,131,27,Rice
NA,NA,MN,133,27,Rock
NA,NA,MN,135,27,Roseau
2240,NA,MN,137,27,St. Louis
5120,NA,MN,139,27,Scott
5120,NA,MN,141,27,Sherburne
NA,NA,MN,143,27,Sibley
6980,NA,MN,145,27,Stearns
NA,NA,MN,147,27,Steele
NA,NA,MN,149,27,Stevens
NA,NA,MN,151,27,Swift
NA,NA,MN,153,27,Todd
NA,NA,MN,155,27,Traverse
NA,NA,MN,157,27,Wabasha
NA,NA,MN,159,27,Wadena
NA,NA,MN,161,27,Waseca
5120,NA,MN,163,27,Washington
NA,NA,MN,165,27,Watonwan
NA,NA,MN,167,27,Wilkin
NA,NA,MN,169,27,Winona
5120,NA,MN,171,27,Wright
NA,NA,MN,173,27,Yellow Medicine
NA,NA,MO,1,29,Adair
7000,NA,MO,3,29,Andrew
NA,NA,MO,5,29,Atchison
NA,NA,MO,7,29,Audrain
NA,NA,MO,9,29,Barry
NA,NA,MO,11,29,Barton
NA,NA,MO,13,29,Bates
NA,NA,MO,15,29,Benton
NA,NA,MO,17,29,Bollinger
1740,NA,MO,19,29,Boone
7000,NA,MO,21,29,Buchanan
NA,NA,MO,23,29,Butler
NA,NA,MO,25,29,Caldwell
NA,NA,MO,27,29,Callaway
NA,NA,MO,29,29,Camden
NA,NA,MO,31,29,Cape Girardeau
NA,NA,MO,33,29,Carroll
NA,NA,MO,35,29,Carter
3760,NA,MO,37,29,Cass
NA,NA,MO,39,29,Cedar
NA,NA,MO,41,29,Chariton
7920,NA,MO,43,29,Christian
NA,NA,MO,45,29,Clark
3760,NA,MO,47,29,Clay
3760,NA,MO,49,29,Clinton
NA,NA,MO,51,29,Cole
NA,NA,MO,53,29,Cooper
NA,NA,MO,55,29,Crawford
NA,NA,MO,57,29,Dade
NA,NA,MO,59,29,Dallas
NA,NA,MO,61,29,Daviess
NA,NA,MO,63,29,De Kalb
NA,NA,MO,65,29,Dent
NA,NA,MO,67,29,Douglas
NA,NA,MO,69,29,Dunklin
7040,NA,MO,71,29,Franklin
NA,NA,MO,73,29,Gasconade
NA,NA,MO,75,29,Gentry
7920,NA,MO,77,29,Greene
NA,NA,MO,79,29,Grundy
NA,NA,MO,81,29,Harrison
NA,NA,MO,83,29,Henry
NA,NA,MO,85,29,Hickory
NA,NA,MO,87,29,Holt
NA,NA,MO,89,29,Howard
NA,NA,MO,91,29,Howell
NA,NA,MO,93,29,Iron
3760,NA,MO,95,29,Jackson
3710,NA,MO,97,29,Jasper
7040,NA,MO,99,29,Jefferson
NA,NA,MO,101,29,Johnson
NA,NA,MO,103,29,Knox
NA,NA,MO,105,29,Laclede
3760,NA,MO,107,29,Lafayette
NA,NA,MO,109,29,Lawrence
NA,NA,MO,111,29,Lewis
7040,NA,MO,113,29,Lincoln
NA,NA,MO,115,29,Linn
NA,NA,MO,117,29,Livingston
NA,NA,MO,119,29,McDonald
NA,NA,MO,121,29,Macon
NA,NA,MO,123,29,Madison
NA,NA,MO,125,29,Maries
NA,NA,MO,127,29,Marion
NA,NA,MO,129,29,Mercer
NA,NA,MO,131,29,Miller
NA,NA,MO,133,29,Mississippi
NA,NA,MO,135,29,Moniteau
NA,NA,MO,137,29,Monroe
NA,NA,MO,139,29,Montgomery
NA,NA,MO,141,29,Morgan
NA,NA,MO,143,29,New Madrid
3710,NA,MO,145,29,Newton
NA,NA,MO,147,29,Nodaway
NA,NA,MO,149,29,Oregon
NA,NA,MO,151,29,Osage
NA,NA,MO,153,29,Ozark
NA,NA,MO,155,29,Pemiscot
NA,NA,MO,157,29,Perry
NA,NA,MO,159,29,Pettis
NA,NA,MO,161,29,Phelps
NA,NA,MO,163,29,Pike
3760,NA,MO,165,29,Platte
NA,NA,MO,167,29,Polk
NA,NA,MO,169,29,Pulaski
NA,NA,MO,171,29,Putnam
NA,NA,MO,173,29,Ralls
NA,NA,MO,175,29,Randolph
3760,NA,MO,177,29,Ray
NA,NA,MO,179,29,Reynolds
NA,NA,MO,181,29,Ripley
7040,NA,MO,183,29,St. Charles
NA,NA,MO,185,29,St. Clair
NA,NA,MO,186,29,Ste. Genevieve
NA,NA,MO,187,29,St. Francois
7040,NA,MO,189,29,St. Louis
NA,NA,MO,195,29,Saline
NA,NA,MO,197,29,Schuyler
NA,NA,MO,199,29,Scotland
NA,NA,MO,201,29,Scott
NA,NA,MO,203,29,Shannon
NA,NA,MO,205,29,Shelby
NA,NA,MO,207,29,Stoddard
NA,NA,MO,209,29,Stone
NA,NA,MO,211,29,Sullivan
NA,NA,MO,213,29,Taney
NA,NA,MO,215,29,Texas
NA,NA,MO,217,29,Vernon
7040,NA,MO,219,29,Warren
NA,NA,MO,221,29,Washington
NA,NA,MO,223,29,Wayne
7920,NA,MO,225,29,Webster
NA,NA,MO,227,29,Worth
NA,NA,MO,229,29,Wright
7040,NA,MO,510,29,St. Louis city
NA,NA,MS,1,28,Adams
NA,NA,MS,3,28,Alcorn
NA,NA,MS,5,28,Amite
NA,NA,MS,7,28,Attala
NA,NA,MS,9,28,Benton
NA,NA,MS,11,28,Bolivar
NA,NA,MS,13,28,Calhoun
NA,NA,MS,15,28,Carroll
NA,NA,MS,17,28,Chickasaw
NA,NA,MS,19,28,Choctaw
NA,NA,MS,21,28,Claiborne
NA,NA,MS,23,28,Clarke
NA,NA,MS,25,28,Clay
NA,NA,MS,27,28,Coahoma
NA,NA,MS,29,28,Copiah
NA,NA,MS,31,28,Covington
4920,NA,MS,33,28,DeSoto
NA,NA,MS,35,28,Forrest
NA,NA,MS,37,28,Franklin
NA,NA,MS,39,28,George
NA,NA,MS,41,28,Greene
NA,NA,MS,43,28,Grenada
920,NA,MS,45,28,Hancock
920,NA,MS,47,28,Harrison
3560,NA,MS,49,28,Hinds
NA,NA,MS,51,28,Holmes
NA,NA,MS,53,28,Humphreys
NA,NA,MS,55,28,Issaquena
NA,NA,MS,57,28,Itawamba
920,NA,MS,59,28,Jackson
NA,NA,MS,61,28,Jasper
NA,NA,MS,63,28,Jefferson
NA,NA,MS,65,28,Jefferson Davis
NA,NA,MS,67,28,Jones
NA,NA,MS,69,28,Kemper
NA,NA,MS,71,28,Lafayette
NA,NA,MS,73,28,Lamar
NA,NA,MS,75,28,Lauderdale
NA,NA,MS,77,28,Lawrence
NA,NA,MS,79,28,Leake
NA,NA,MS,81,28,Lee
NA,NA,MS,83,28,Leflore
NA,NA,MS,85,28,Lincoln
NA,NA,MS,87,28,Lowndes
3560,NA,MS,89,28,Madison
NA,NA,MS,91,28,Marion
NA,NA,MS,93,28,Marshall
NA,NA,MS,95,28,Monroe
NA,NA,MS,97,28,Montgomery
NA,NA,MS,99,28,Neshoba
NA,NA,MS,101,28,Newton
NA,NA,MS,103,28,Noxubee
NA,NA,MS,105,28,Oktibbeha
NA,NA,MS,107,28,Panola
NA,NA,MS,109,28,Pearl River
NA,NA,MS,111,28,Perry
NA,NA,MS,113,28,Pike
NA,NA,MS,115,28,Pontotoc
NA,NA,MS,117,28,Prentiss
NA,NA,MS,119,28,Quitman
3560,NA,MS,121,28,Rankin
NA,NA,MS,123,28,Scott
NA,NA,MS,125,28,Sharkey
NA,NA,MS,127,28,Simpson
NA,NA,MS,129,28,Smith
NA,NA,MS,131,28,Stone
NA,NA,MS,133,28,Sunflower
NA,NA,MS,135,28,Tallahatchie
NA,NA,MS,137,28,Tate
NA,NA,MS,139,28,Tippah
NA,NA,MS,141,28,Tishomingo
NA,NA,MS,143,28,Tunica
NA,NA,MS,145,28,Union
NA,NA,MS,147,28,Walthall
NA,NA,MS,149,28,Warren
NA,NA,MS,151,28,Washington
NA,NA,MS,153,28,Wayne
NA,NA,MS,155,28,Webster
NA,NA,MS,157,28,Wilkinson
NA,NA,MS,159,28,Winston
NA,NA,MS,161,28,Yalobusha
NA,NA,MS,163,28,Yazoo
NA,NA,MT,1,30,Beaverhead
NA,NA,MT,3,30,Big Horn
NA,NA,MT,5,30,Blaine
NA,NA,MT,7,30,Broadwater
NA,NA,MT,9,30,Carbon
NA,NA,MT,11,30,Carter
3040,NA,MT,13,30,Cascade
NA,NA,MT,15,30,Chouteau
NA,NA,MT,17,30,Custer
NA,NA,MT,19,30,Daniels
NA,NA,MT,21,30,Dawson
NA,NA,MT,23,30,Deer Lodge
NA,NA,MT,25,30,Fallon
NA,NA,MT,27,30,Fergus
NA,NA,MT,29,30,Flathead
NA,NA,MT,31,30,Gallatin
NA,NA,MT,33,30,Garfield
NA,NA,MT,35,30,Glacier
NA,NA,MT,37,30,Golden Valley
NA,NA,MT,39,30,Granite
NA,NA,MT,41,30,Hill
NA,NA,MT,43,30,Jefferson
NA,NA,MT,45,30,Judith Basin
NA,NA,MT,47,30,Lake
NA,NA,MT,49,30,Lewis and Clark
NA,NA,MT,51,30,Liberty
NA,NA,MT,53,30,Lincoln
NA,NA,MT,55,30,McCone
NA,NA,MT,57,30,Madison
NA,NA,MT,59,30,Meagher
NA,NA,MT,61,30,Mineral
NA,NA,MT,63,30,Missoula
NA,NA,MT,65,30,Musselshell
NA,NA,MT,67,30,Park
NA,NA,MT,69,30,Petroleum
NA,NA,MT,71,30,Phillips
NA,NA,MT,73,30,Pondera
NA,NA,MT,75,30,Powder River
NA,NA,MT,77,30,Powell
NA,NA,MT,79,30,Prairie
NA,NA,MT,81,30,Ravalli
NA,NA,MT,83,30,Richland
NA,NA,MT,85,30,Roosevelt
NA,NA,MT,87,30,Rosebud
NA,NA,MT,89,30,Sanders
NA,NA,MT,91,30,Sheridan
NA,NA,MT,93,30,Silver Bow
NA,NA,MT,95,30,Stillwater
NA,NA,MT,97,30,Sweet Grass
NA,NA,MT,99,30,Teton
NA,NA,MT,101,30,Toole
NA,NA,MT,103,30,Treasure
NA,NA,MT,105,30,Valley
NA,NA,MT,107,30,Wheatland
NA,NA,MT,109,30,Wibaux
880,NA,MT,111,30,Yellowstone
NA,NA,MT,113,30,Yellowstone National Park
3120,NA,NC,1,37,Alamance
3290,NA,NC,3,37,Alexander
NA,NA,NC,5,37,Alleghany
NA,NA,NC,7,37,Anson
NA,NA,NC,9,37,Ashe
NA,NA,NC,11,37,Avery
NA,NA,NC,13,37,Beaufort
NA,NA,NC,15,37,Bertie
NA,NA,NC,17,37,Bladen
NA,NA,NC,19,37,Brunswick
480,NA,NC,21,37,Buncombe
3290,NA,NC,23,37,Burke
1520,NA,NC,25,37,Cabarrus
3290,NA,NC,27,37,Caldwell
NA,NA,NC,29,37,Camden
NA,NA,NC,31,37,Carteret
NA,NA,NC,33,37,Caswell
3290,NA,NC,35,37,Catawba
6640,NA,NC,37,37,Chatham
NA,NA,NC,39,37,Cherokee
NA,NA,NC,41,37,Chowan
NA,NA,NC,43,37,Clay
NA,NA,NC,45,37,Cleveland
NA,NA,NC,47,37,Columbus
NA,NA,NC,49,37,Craven
2560,NA,NC,51,37,Cumberland
5720,NA,NC,53,37,Currituck
NA,NA,NC,55,37,Dare
3120,NA,NC,57,37,Davidson
3120,NA,NC,59,37,Davie
NA,NA,NC,61,37,Duplin
6640,NA,NC,63,37,Durham
6895,NA,NC,65,37,Edgecombe
3120,NA,NC,67,37,Forsyth
6640,NA,NC,69,37,Franklin
1520,NA,NC,71,37,Gaston
NA,NA,NC,73,37,Gates
NA,NA,NC,75,37,Graham
NA,NA,NC,77,37,Granville
NA,NA,NC,79,37,Greene
3120,NA,NC,81,37,Guilford
NA,NA,NC,83,37,Halifax
NA,NA,NC,85,37,Harnett
NA,NA,NC,87,37,Haywood
NA,NA,NC,89,37,Henderson
NA,NA,NC,91,37,Hertford
NA,NA,NC,93,37,Hoke
NA,NA,NC,95,37,Hyde
NA,NA,NC,97,37,Iredell
NA,NA,NC,99,37,Jackson
6640,NA,NC,101,37,Johnston
NA,NA,NC,103,37,Jones
NA,NA,NC,105,37,Lee
NA,NA,NC,107,37,Lenoir
1520,NA,NC,109,37,Lincoln
NA,NA,NC,111,37,McDowell
NA,NA,NC,113,37,Macon
480,NA,NC,115,37,Madison
NA,NA,NC,117,37,Martin
1520,NA,NC,119,37,Mecklenburg
NA,NA,NC,121,37,Mitchell
NA,NA,NC,123,37,Montgomery
NA,NA,NC,125,37,Moore
6895,NA,NC,127,37,Nash
9200,NA,NC,129,37,New Hanover
NA,NA,NC,131,37,Northampton
3605,NA,NC,133,37,Onslow
6640,NA,NC,135,37,Orange
NA,NA,NC,137,37,Pamlico
NA,NA,NC,139,37,Pasquotank
NA,NA,NC,141,37,Pender
NA,NA,NC,143,37,Perquimans
NA,NA,NC,145,37,Person
3150,NA,NC,147,37,Pitt
NA,NA,NC,149,37,Polk
3120,NA,NC,151,37,Randolph
NA,NA,NC,153,37,Richmond
NA,NA,NC,155,37,Robeson
NA,NA,NC,157,37,Rockingham
1520,NA,NC,159,37,Rowan
NA,NA,NC,161,37,Rutherford
NA,NA,NC,163,37,Sampson
NA,NA,NC,165,37,Scotland
NA,NA,NC,167,37,Stanly
3120,NA,NC,169,37,Stokes
NA,NA,NC,171,37,Surry
NA,NA,NC,173,37,Swain
NA,NA,NC,175,37,Transylvania
NA,NA,NC,177,37,Tyrrell
1520,NA,NC,179,37,Union
NA,NA,NC,181,37,Vance
6640,NA,NC,183,37,Wake
NA,NA,NC,185,37,Warren
NA,NA,NC,187,37,Washington
NA,NA,NC,189,37,Watauga
2980,NA,NC,191,37,Wayne
NA,NA,NC,193,37,Wilkes
NA,NA,NC,195,37,Wilson
3120,NA,NC,197,37,Yadkin
NA,NA,NC,199,37,Yancey
NA,NA,ND,1,38,Adams
NA,NA,ND,3,38,Barnes
NA,NA,ND,5,38,Benson
NA,NA,ND,7,38,Billings
NA,NA,ND,9,38,Bottineau
NA,NA,ND,11,38,Bowman
NA,NA,ND,13,38,Burke
1010,NA,ND,15,38,Burleigh
2520,NA,ND,17,38,Cass
NA,NA,ND,19,38,Cavalier
NA,NA,ND,21,38,Dickey
NA,NA,ND,23,38,Divide
NA,NA,ND,25,38,Dunn
NA,NA,ND,27,38,Eddy
NA,NA,ND,29,38,Emmons
NA,NA,ND,31,38,Foster
NA,NA,ND,33,38,Golden Valley
2985,NA,ND,35,38,Grand Forks
NA,NA,ND,37,38,Grant
NA,NA,ND,39,38,Griggs
NA,NA,ND,41,38,Hettinger
NA,NA,ND,43,38,Kidder
NA,NA,ND,45,38,La Moure
NA,NA,ND,47,38,Logan
NA,NA,ND,49,38,McHenry
NA,NA,ND,51,38,McIntosh
NA,NA,ND,53,38,McKenzie
NA,NA,ND,55,38,McLean
NA,NA,ND,57,38,Mercer
1010,NA,ND,59,38,Morton
NA,NA,ND,61,38,Mountrail
NA,NA,ND,63,38,Nelson
NA,NA,ND,65,38,Oliver
NA,NA,ND,67,38,Pembina
NA,NA,ND,69,38,Pierce
NA,NA,ND,71,38,Ramsey
NA,NA,ND,73,38,Ransom
NA,NA,ND,75,38,Renville
NA,NA,ND,77,38,Richland
NA,NA,ND,79,38,Rolette
NA,NA,ND,81,38,Sargent
NA,NA,ND,83,38,Sheridan
NA,NA,ND,85,38,Sioux
NA,NA,ND,87,38,Slope
NA,NA,ND,89,38,Stark
NA,NA,ND,91,38,Steele
NA,NA,ND,93,38,Stutsman
NA,NA,ND,95,38,Towner
NA,NA,ND,97,38,Traill
NA,NA,ND,99,38,Walsh
NA,NA,ND,101,38,Ward
NA,NA,ND,103,38,Wells
NA,NA,ND,105,38,Williams
NA,NA,NE,1,31,Adams
NA,NA,NE,3,31,Antelope
NA,NA,NE,5,31,Arthur
NA,NA,NE,7,31,Banner
NA,NA,NE,9,31,Blaine
NA,NA,NE,11,31,Boone
NA,NA,NE,13,31,Box Butte
NA,NA,NE,15,31,Boyd
NA,NA,NE,17,31,Brown
NA,NA,NE,19,31,Buffalo
NA,NA,NE,21,31,Burt
NA,NA,NE,23,31,Butler
5920,NA,NE,25,31,Cass
NA,NA,NE,27,31,Cedar
NA,NA,NE,29,31,Chase
NA,NA,NE,31,31,Cherry
NA,NA,NE,33,31,Cheyenne
NA,NA,NE,35,31,Clay
NA,NA,NE,37,31,Colfax
NA,NA,NE,39,31,Cuming
NA,NA,NE,41,31,Custer
7720,NA,NE,43,31,Dakota
NA,NA,NE,45,31,Dawes
NA,NA,NE,47,31,Dawson
NA,NA,NE,49,31,Deuel
NA,NA,NE,51,31,Dixon
NA,NA,NE,53,31,Dodge
5920,NA,NE,55,31,Douglas
NA,NA,NE,57,31,Dundy
NA,NA,NE,59,31,Fillmore
NA,NA,NE,61,31,Franklin
NA,NA,NE,63,31,Frontier
NA,NA,NE,65,31,Furnas
NA,NA,NE,67,31,Gage
NA,NA,NE,69,31,Garden
NA,NA,NE,71,31,Garfield
NA,NA,NE,73,31,Gosper
NA,NA,NE,75,31,Grant
NA,NA,NE,77,31,Greeley
NA,NA,NE,79,31,Hall
NA,NA,NE,81,31,Hamilton
NA,NA,NE,83,31,Harlan
NA,NA,NE,85,31,Hayes
NA,NA,NE,87,31,Hitchcock
NA,NA,NE,89,31,Holt
NA,NA,NE,91,31,Hooker
NA,NA,NE,93,31,Howard
NA,NA,NE,95,31,Jefferson
NA,NA,NE,97,31,Johnson
NA,NA,NE,99,31,Kearney
NA,NA,NE,101,31,Keith
NA,NA,NE,103,31,Keya Paha
NA,NA,NE,105,31,Kimball
NA,NA,NE,107,31,Knox
4360,NA,NE,109,31,Lancaster
NA,NA,NE,111,31,Lincoln
NA,NA,NE,113,31,Logan
NA,NA,NE,115,31,Loup
NA,NA,NE,117,31,McPherson
NA,NA,NE,119,31,Madison
NA,NA,NE,121,31,Merrick
NA,NA,NE,123,31,Morrill
NA,NA,NE,125,31,Nance
NA,NA,NE,127,31,Nemaha
NA,NA,NE,129,31,Nuckolls
NA,NA,NE,131,31,Otoe
NA,NA,NE,133,31,Pawnee
NA,NA,NE,135,31,Perkins
NA,NA,NE,137,31,Phelps
NA,NA,NE,139,31,Pierce
NA,NA,NE,141,31,Platte
NA,NA,NE,143,31,Polk
NA,NA,NE,145,31,Red Willow
NA,NA,NE,147,31,Richardson
NA,NA,NE,149,31,Rock
NA,NA,NE,151,31,Saline
5920,NA,NE,153,31,Sarpy
NA,NA,NE,155,31,Saunders
NA,NA,NE,157,31,Scotts Bluff
NA,NA,NE,159,31,Seward
NA,NA,NE,161,31,Sheridan
NA,NA,NE,163,31,Sherman
NA,NA,NE,165,31,Sioux
NA,NA,NE,167,31,Stanton
NA,NA,NE,169,31,Thayer
NA,NA,NE,171,31,Thomas
NA,NA,NE,173,31,Thurston
NA,NA,NE,175,31,Valley
5920,NA,NE,177,31,Washington
NA,NA,NE,179,31,Wayne
NA,NA,NE,181,31,Webster
NA,NA,NE,183,31,Wheeler
NA,NA,NE,185,31,York
NA,NA,NH,1,33,Belknap
NA,NA,NH,3,33,Carroll
NA,NA,NH,5,33,Cheshire
NA,NA,NH,7,33,Coos
NA,NA,NH,9,33,Grafton
1123,NA,NH,11,33,Hillsborough
NA,NA,NH,13,33,Merrimack
1123,NA,NH,15,33,Rockingham
1123,NA,NH,17,33,Strafford
NA,NA,NH,19,33,Sullivan
6162,560,NJ,1,34,Atlantic
5602,875,NJ,3,34,Bergen
6162,6160,NJ,5,34,Burlington
6162,6160,NJ,7,34,Camden
6162,560,NJ,9,34,Cape May
6162,8760,NJ,11,34,Cumberland
5602,5640,NJ,13,34,Essex
6162,6160,NJ,15,34,Gloucester
5602,3640,NJ,17,34,Hudson
5602,5015,NJ,19,34,Hunterdon
5602,8480,NJ,21,34,Mercer
5602,5015,NJ,23,34,Middlesex
5602,5190,NJ,25,34,Monmouth
5602,5640,NJ,27,34,Morris
5602,5190,NJ,29,34,Ocean
5602,875,NJ,31,34,Passaic
6162,6160,NJ,33,34,Salem
5602,5015,NJ,35,34,Somerset
5602,5640,NJ,37,34,Sussex
5602,5640,NJ,39,34,Union
5602,5640,NJ,41,34,Warren
200,NA,NM,1,35,Bernalillo
NA,NA,NM,3,35,Catron
NA,NA,NM,5,35,Chaves
NA,NA,NM,6,35,Cibola
NA,NA,NM,7,35,Colfax
NA,NA,NM,9,35,Curry
NA,NA,NM,11,35,De Baca
4100,NA,NM,13,35,Dona Ana
NA,NA,NM,15,35,Eddy
NA,NA,NM,17,35,Grant
NA,NA,NM,19,35,Guadalupe
NA,NA,NM,21,35,Harding
NA,NA,NM,23,35,Hidalgo
NA,NA,NM,25,35,Lea
NA,NA,NM,27,35,Lincoln
7490,NA,NM,28,35,Los Alamos
NA,NA,NM,29,35,Luna
NA,NA,NM,31,35,McKinley
NA,NA,NM,33,35,Mora
NA,NA,NM,35,35,Otero
NA,NA,NM,37,35,Quay
NA,NA,NM,39,35,Rio Arriba
NA,NA,NM,41,35,Roosevelt
200,NA,NM,43,35,Sandoval
NA,NA,NM,45,35,San Juan
NA,NA,NM,47,35,San Miguel
7490,NA,NM,49,35,Santa Fe
NA,NA,NM,51,35,Sierra
NA,NA,NM,53,35,Socorro
NA,NA,NM,55,35,Taos
NA,NA,NM,57,35,Torrance
NA,NA,NM,59,35,Union
200,NA,NM,61,35,Valencia
NA,NA,NV,1,32,Churchill
4120,NA,NV,3,32,Clark
NA,NA,NV,5,32,Douglas
NA,NA,NV,7,32,Elko
NA,NA,NV,9,32,Esmeralda
NA,NA,NV,11,32,Eureka
NA,NA,NV,13,32,Humboldt
NA,NA,NV,15,32,Lander
NA,NA,NV,17,32,Lincoln
NA,NA,NV,19,32,Lyon
NA,NA,NV,21,32,Mineral
4120,NA,NV,23,32,Nye
NA,NA,NV,27,32,Pershing
NA,NA,NV,29,32,Storey
6720,NA,NV,31,32,Washoe
NA,NA,NV,33,32,White Pine
NA,NA,NV,510,32,Carson City city
160,NA,NY,1,36,Albany
NA,NA,NY,3,36,Allegany
5602,5600,NY,5,36,Bronx
960,NA,NY,7,36,Broome
NA,NA,NY,9,36,Cattaraugus
8160,NA,NY,11,36,Cayuga
3610,NA,NY,13,36,Chautauqua
2335,NA,NY,15,36,Chemung
NA,NA,NY,17,36,Chenango
NA,NA,NY,19,36,Clinton
NA,NA,NY,21,36,Columbia
NA,NA,NY,23,36,Cortland
NA,NA,NY,25,36,Delaware
5602,2281,NY,27,36,Dutchess
1280,NA,NY,29,36,Erie
NA,NA,NY,31,36,Essex
NA,NA,NY,33,36,Franklin
NA,NA,NY,35,36,Fulton
6840,NA,NY,37,36,Genesee
NA,NA,NY,39,36,Greene
NA,NA,NY,41,36,Hamilton
8680,NA,NY,43,36,Herkimer
NA,NA,NY,45,36,Jefferson
5602,5600,NY,47,36,Kings
NA,NA,NY,49,36,Lewis
6840,NA,NY,51,36,Livingston
8160,NA,NY,53,36,Madison
6840,NA,NY,55,36,Monroe
160,NA,NY,57,36,Montgomery
5602,5380,NY,59,36,Nassau
5602,5600,NY,61,36,New York
1280,NA,NY,63,36,Niagara
8680,NA,NY,65,36,Oneida
8160,NA,NY,67,36,Onondaga
6840,NA,NY,69,36,Ontario
5602,5660,NY,71,36,Orange
6840,NA,NY,73,36,Orleans
8160,NA,NY,75,36,Oswego
NA,NA,NY,77,36,Otsego
5602,5600,NY,79,36,Putnam
5602,5600,NY,81,36,Queens
160,NA,NY,83,36,Rensselaer
5602,5600,NY,85,36,Richmond
5602,5600,NY,87,36,Rockland
NA,NA,NY,89,36,St. Lawrence
160,NA,NY,91,36,Saratoga
160,NA,NY,93,36,Schenectady
160,NA,NY,95,36,Schoharie
NA,NA,NY,97,36,Schuyler
NA,NA,NY,99,36,Seneca
NA,NA,NY,101,36,Steuben
5602,5380,NY,103,36,Suffolk
NA,NA,NY,105,36,Sullivan
960,NA,NY,107,36,Tioga
NA,NA,NY,109,36,Tompkins
NA,NA,NY,111,36,Ulster
2975,NA,NY,113,36,Warren
2975,NA,NY,115,36,Washington
6840,NA,NY,117,36,Wayne
5602,5600,NY,119,36,Westchester
NA,NA,NY,121,36,Wyoming
NA,NA,NY,123,36,Yates
NA,NA,OH,1,39,Adams
4320,NA,OH,3,39,Allen
NA,NA,OH,5,39,Ashland
1692,1680,OH,7,39,Ashtabula
NA,NA,OH,9,39,Athens
4320,NA,OH,11,39,Auglaize
9000,NA,OH,13,39,Belmont
1642,1640,OH,15,39,Brown
1642,3200,OH,17,39,Butler
1320,NA,OH,19,39,Carroll
NA,NA,OH,21,39,Champaign
2000,NA,OH,23,39,Clark
1642,1640,OH,25,39,Clermont
NA,NA,OH,27,39,Clinton
9320,NA,OH,29,39,Columbiana
NA,NA,OH,31,39,Coshocton
4800,NA,OH,33,39,Crawford
1692,1680,OH,35,39,Cuyahoga
NA,NA,OH,37,39,Darke
NA,NA,OH,39,39,Defiance
1840,NA,OH,41,39,Delaware
NA,NA,OH,43,39,Erie
1840,NA,OH,45,39,Fairfield
NA,NA,OH,47,39,Fayette
1840,NA,OH,49,39,Franklin
8400,NA,OH,51,39,Fulton
NA,NA,OH,53,39,Gallia
1692,1680,OH,55,39,Geauga
2000,NA,OH,57,39,Greene
NA,NA,OH,59,39,Guernsey
1642,1640,OH,61,39,Hamilton
NA,NA,OH,63,39,Hancock
NA,NA,OH,65,39,Hardin
NA,NA,OH,67,39,Harrison
NA,NA,OH,69,39,Henry
NA,NA,OH,71,39,Highland
NA,NA,OH,73,39,Hocking
NA,NA,OH,75,39,Holmes
NA,NA,OH,77,39,Huron
NA,NA,OH,79,39,Jackson
8080,NA,OH,81,39,Jefferson
NA,NA,OH,83,39,Knox
1692,1680,OH,85,39,Lake
3400,NA,OH,87,39,Lawrence
1840,NA,OH,89,39,Licking
NA,NA,OH,91,39,Logan
1692,1680,OH,93,39,Lorain
8400,NA,OH,95,39,Lucas
1840,NA,OH,97,39,Madison
9320,NA,OH,99,39,Mahoning
NA,NA,OH,101,39,Marion
1692,1680,OH,103,39,Medina
NA,NA,OH,105,39,Meigs
NA,NA,OH,107,39,Mercer
2000,NA,OH,109,39,Miami
NA,NA,OH,111,39,Monroe
2000,NA,OH,113,39,Montgomery
NA,NA,OH,115,39,Morgan
NA,NA,OH,117,39,Morrow
NA,NA,OH,119,39,Muskingum
NA,NA,OH,121,39,Noble
NA,NA,OH,123,39,Ottawa
NA,NA,OH,125,39,Paulding
NA,NA,OH,127,39,Perry
1840,NA,OH,129,39,Pickaway
NA,NA,OH,131,39,Pike
1692,80,OH,133,39,Portage
NA,NA,OH,135,39,Preble
NA,NA,OH,137,39,Putnam
4800,NA,OH,139,39,Richland
NA,NA,OH,141,39,Ross
NA,NA,OH,143,39,Sandusky
NA,NA,OH,145,39,Scioto
NA,NA,OH,147,39,Seneca
NA,NA,OH,149,39,Shelby
1320,NA,OH,151,39,Stark
1692,80,OH,153,39,Summit
9320,NA,OH,155,39,Trumbull
NA,NA,OH,157,39,Tuscarawas
NA,NA,OH,159,39,Union
NA,NA,OH,161,39,Van Wert
NA,NA,OH,163,39,Vinton
1642,1640,OH,165,39,Warren
6020,NA,OH,167,39,Washington
NA,NA,OH,169,39,Wayne
NA,NA,OH,171,39,Williams
8400,NA,OH,173,39,Wood
NA,NA,OH,175,39,Wyandot
NA,NA,OK,1,40,Adair
NA,NA,OK,3,40,Alfalfa
NA,NA,OK,5,40,Atoka
NA,NA,OK,7,40,Beaver
NA,NA,OK,9,40,Beckham
NA,NA,OK,11,40,Blaine
NA,NA,OK,13,40,Bryan
NA,NA,OK,15,40,Caddo
5880,NA,OK,17,40,Canadian
NA,NA,OK,19,40,Carter
NA,NA,OK,21,40,Cherokee
NA,NA,OK,23,40,Choctaw
NA,NA,OK,25,40,Cimarron
5880,NA,OK,27,40,Cleveland
NA,NA,OK,29,40,Coal
4200,NA,OK,31,40,Comanche
NA,NA,OK,33,40,Cotton
NA,NA,OK,35,40,Craig
8560,NA,OK,37,40,Creek
NA,NA,OK,39,40,Custer
NA,NA,OK,41,40,Delaware
NA,NA,OK,43,40,Dewey
NA,NA,OK,45,40,Ellis
2340,NA,OK,47,40,Garfield
NA,NA,OK,49,40,Garvin
NA,NA,OK,51,40,Grady
NA,NA,OK,53,40,Grant
NA,NA,OK,55,40,Greer
NA,NA,OK,57,40,Harmon
NA,NA,OK,59,40,Harper
NA,NA,OK,61,40,Haskell
NA,NA,OK,63,40,Hughes
NA,NA,OK,65,40,Jackson
NA,NA,OK,67,40,Jefferson
NA,NA,OK,69,40,Johnston
NA,NA,OK,71,40,Kay
NA,NA,OK,73,40,Kingfisher
NA,NA,OK,75,40,Kiowa
NA,NA,OK,77,40,Latimer
NA,NA,OK,79,40,Le Flore
NA,NA,OK,81,40,Lincoln
5880,NA,OK,83,40,Logan
NA,NA,OK,85,40,Love
5880,NA,OK,87,40,McClain
NA,NA,OK,89,40,McCurtain
NA,NA,OK,91,40,McIntosh
NA,NA,OK,93,40,Major
NA,NA,OK,95,40,Marshall
NA,NA,OK,97,40,Mayes
NA,NA,OK,99,40,Murray
NA,NA,OK,101,40,Muskogee
NA,NA,OK,103,40,Noble
NA,NA,OK,105,40,Nowata
NA,NA,OK,107,40,Okfuskee
5880,NA,OK,109,40,Oklahoma
NA,NA,OK,111,40,Okmulgee
8560,NA,OK,113,40,Osage
NA,NA,OK,115,40,Ottawa
NA,NA,OK,117,40,Pawnee
NA,NA,OK,119,40,Payne
NA,NA,OK,121,40,Pittsburg
NA,NA,OK,123,40,Pontotoc
5880,NA,OK,125,40,Pottawatomie
NA,NA,OK,127,40,Pushmataha
NA,NA,OK,129,40,Roger Mills
8560,NA,OK,131,40,Rogers
NA,NA,OK,133,40,Seminole
2720,NA,OK,135,40,Sequoyah
NA,NA,OK,137,40,Stephens
NA,NA,OK,139,40,Texas
NA,NA,OK,141,40,Tillman
8560,NA,OK,143,40,Tulsa
8560,NA,OK,145,40,Wagoner
NA,NA,OK,147,40,Washington
NA,NA,OK,149,40,Washita
NA,NA,OK,151,40,Woods
NA,NA,OK,153,40,Woodward
NA,NA,OR,1,41,Baker
NA,NA,OR,3,41,Benton
6442,6440,OR,5,41,Clackamas
NA,NA,OR,7,41,Clatsop
6442,6449,OR,9,41,Columbia
NA,NA,OR,11,41,Coos
NA,NA,OR,13,41,Crook
NA,NA,OR,15,41,Curry
NA,NA,OR,17,41,Deschutes
NA,NA,OR,19,41,Douglas
NA,NA,OR,21,41,Gilliam
NA,NA,OR,23,41,Grant
NA,NA,OR,25,41,Harney
NA,NA,OR,27,41,Hood River
4890,NA,OR,29,41,Jackson
NA,NA,OR,31,41,Jefferson
NA,NA,OR,33,41,Josephine
NA,NA,OR,35,41,Klamath
NA,NA,OR,37,41,Lake
2400,NA,OR,39,41,Lane
NA,NA,OR,41,41,Lincoln
NA,NA,OR,43,41,Linn
NA,NA,OR,45,41,Malheur
6442,7080,OR,47,41,Marion
NA,NA,OR,49,41,Morrow
6442,6440,OR,51,41,Multnomah
6442,7080,OR,53,41,Polk
NA,NA,OR,55,41,Sherman
NA,NA,OR,57,41,Tillamook
NA,NA,OR,59,41,Umatilla
NA,NA,OR,61,41,Union
NA,NA,OR,63,41,Wallowa
NA,NA,OR,65,41,Wasco
6442,6440,OR,67,41,Washington
NA,NA,OR,69,41,Wheeler
6442,6440,OR,71,41,Yamhill
NA,NA,PA,1,42,Adams
6280,NA,PA,3,42,Allegheny
NA,NA,PA,5,42,Armstrong
6280,NA,PA,7,42,Beaver
NA,NA,PA,9,42,Bedford
6680,NA,PA,11,42,Berks
280,NA,PA,13,42,Blair
NA,NA,PA,15,42,Bradford
6162,6160,PA,17,42,Bucks
6280,NA,PA,19,42,Butler
3680,NA,PA,21,42,Cambria
NA,NA,PA,23,42,Cameron
240,NA,PA,25,42,Carbon
8050,NA,PA,27,42,Centre
6162,6160,PA,29,42,Chester
NA,NA,PA,31,42,Clarion
NA,NA,PA,33,42,Clearfield
NA,NA,PA,35,42,Clinton
7560,NA,PA,37,42,Columbia
NA,NA,PA,39,42,Crawford
3240,NA,PA,41,42,Cumberland
3240,NA,PA,43,42,Dauphin
6162,6160,PA,45,42,Delaware
NA,NA,PA,47,42,Elk
2360,NA,PA,49,42,Erie
6280,NA,PA,51,42,Fayette
NA,NA,PA,53,42,Forest
NA,NA,PA,55,42,Franklin
NA,NA,PA,57,42,Fulton
NA,NA,PA,59,42,Greene
NA,NA,PA,61,42,Huntingdon
NA,NA,PA,63,42,Indiana
NA,NA,PA,65,42,Jefferson
NA,NA,PA,67,42,Juniata
7560,NA,PA,69,42,Lackawanna
4000,NA,PA,71,42,Lancaster
NA,NA,PA,73,42,Lawrence
3240,NA,PA,75,42,Lebanon
240,NA,PA,77,42,Lehigh
7560,NA,PA,79,42,Luzerne
9140,NA,PA,81,42,Lycoming
NA,NA,PA,83,42,McKean
7610,NA,PA,85,42,Mercer
NA,NA,PA,87,42,Mifflin
NA,NA,PA,89,42,Monroe
6162,6160,PA,91,42,Montgomery
NA,NA,PA,93,42,Montour
240,NA,PA,95,42,Northampton
NA,NA,PA,97,42,Northumberland
3240,NA,PA,99,42,Perry
6162,6160,PA,101,42,Philadelphia
5602,5660,PA,103,42,Pike
NA,NA,PA,105,42,Potter
NA,NA,PA,107,42,Schuylkill
NA,NA,PA,109,42,Snyder
3680,NA,PA,111,42,Somerset
NA,NA,PA,113,42,Sullivan
NA,NA,PA,115,42,Susquehanna
NA,NA,PA,117,42,Tioga
NA,NA,PA,119,42,Union
NA,NA,PA,121,42,Venango
NA,NA,PA,123,42,Warren
6280,NA,PA,125,42,Washington
NA,NA,PA,127,42,Wayne
6280,NA,PA,129,42,Westmoreland
7560,NA,PA,131,42,Wyoming
9280,NA,PA,133,42,York
6483,NA,RI,1,44,Bristol
6483,NA,RI,3,44,Kent
NA,NA,RI,5,44,Newport
6483,NA,RI,7,44,Providence
6483,NA,RI,9,44,Washington
NA,NA,SC,1,45,Abbeville
600,NA,SC,3,45,Aiken
NA,NA,SC,5,45,Allendale
3160,NA,SC,7,45,Anderson
NA,NA,SC,9,45,Bamberg
NA,NA,SC,11,45,Barnwell
NA,NA,SC,13,45,Beaufort
1440,NA,SC,15,45,Berkeley
NA,NA,SC,17,45,Calhoun
1440,NA,SC,19,45,Charleston
3160,NA,SC,21,45,Cherokee
NA,NA,SC,23,45,Chester
NA,NA,SC,25,45,Chesterfield
NA,NA,SC,27,45,Clarendon
NA,NA,SC,29,45,Colleton
NA,NA,SC,31,45,Darlington
NA,NA,SC,33,45,Dillon
1440,NA,SC,35,45,Dorchester
600,NA,SC,37,45,Edgefield
NA,NA,SC,39,45,Fairfield
2655,NA,SC,41,45,Florence
NA,NA,SC,43,45,Georgetown
3160,NA,SC,45,45,Greenville
NA,NA,SC,47,45,Greenwood
NA,NA,SC,49,45,Hampton
5330,NA,SC,51,45,Horry
NA,NA,SC,53,45,Jasper
NA,NA,SC,55,45,Kershaw
NA,NA,SC,57,45,Lancaster
NA,NA,SC,59,45,Laurens
NA,NA,SC,61,45,Lee
1760,NA,SC,63,45,Lexington
NA,NA,SC,65,45,McCormick
NA,NA,SC,67,45,Marion
NA,NA,SC,69,45,Marlboro
NA,NA,SC,71,45,Newberry
NA,NA,SC,73,45,Oconee
NA,NA,SC,75,45,Orangeburg
3160,NA,SC,77,45,Pickens
1760,NA,SC,79,45,Richland
NA,NA,SC,81,45,Saluda
3160,NA,SC,83,45,Spartanburg
8140,NA,SC,85,45,Sumter
NA,NA,SC,87,45,Union
NA,NA,SC,89,45,Williamsburg
1520,NA,SC,91,45,York
NA,NA,SD,3,46,Aurora
NA,NA,SD,5,46,Beadle
NA,NA,SD,7,46,Bennett
NA,NA,SD,9,46,Bon Homme
NA,NA,SD,11,46,Brookings
NA,NA,SD,13,46,Brown
NA,NA,SD,15,46,Brule
NA,NA,SD,17,46,Buffalo
NA,NA,SD,19,46,Butte
NA,NA,SD,21,46,Campbell
NA,NA,SD,23,46,Charles Mix
NA,NA,SD,25,46,Clark
NA,NA,SD,27,46,Clay
NA,NA,SD,29,46,Codington
NA,NA,SD,31,46,Corson
NA,NA,SD,33,46,Custer
NA,NA,SD,35,46,Davison
NA,NA,SD,37,46,Day
NA,NA,SD,39,46,Deuel
NA,NA,SD,41,46,Dewey
NA,NA,SD,43,46,Douglas
NA,NA,SD,45,46,Edmunds
NA,NA,SD,47,46,Fall River
NA,NA,SD,49,46,Faulk
NA,NA,SD,51,46,Grant
NA,NA,SD,53,46,Gregory
NA,NA,SD,55,46,Haakon
NA,NA,SD,57,46,Hamlin
NA,NA,SD,59,46,Hand
NA,NA,SD,61,46,Hanson
NA,NA,SD,63,46,Harding
NA,NA,SD,65,46,Hughes
NA,NA,SD,67,46,Hutchinson
NA,NA,SD,69,46,Hyde
NA,NA,SD,71,46,Jackson
NA,NA,SD,73,46,Jerauld
NA,NA,SD,75,46,Jones
NA,NA,SD,77,46,Kingsbury
NA,NA,SD,79,46,Lake
NA,NA,SD,81,46,Lawrence
7760,NA,SD,83,46,Lincoln
NA,NA,SD,85,46,Lyman
NA,NA,SD,87,46,McCook
NA,NA,SD,89,46,McPherson
NA,NA,SD,91,46,Marshall
NA,NA,SD,93,46,Meade
NA,NA,SD,95,46,Mellette
NA,NA,SD,97,46,Miner
7760,NA,SD,99,46,Minnehaha
NA,NA,SD,101,46,Moody
6660,NA,SD,103,46,Pennington
NA,NA,SD,105,46,Perkins
NA,NA,SD,107,46,Potter
NA,NA,SD,109,46,Roberts
NA,NA,SD,111,46,Sanborn
NA,NA,SD,113,46,Shannon
NA,NA,SD,115,46,Spink
NA,NA,SD,117,46,Stanley
NA,NA,SD,119,46,Sully
NA,NA,SD,121,46,Todd
NA,NA,SD,123,46,Tripp
NA,NA,SD,125,46,Turner
NA,NA,SD,127,46,Union
NA,NA,SD,129,46,Walworth
NA,NA,SD,135,46,Yankton
NA,NA,SD,137,46,Ziebach
3840,NA,TN,1,47,Anderson
NA,NA,TN,3,47,Bedford
NA,NA,TN,5,47,Benton
NA,NA,TN,7,47,Bledsoe
3840,NA,TN,9,47,Blount
NA,NA,TN,11,47,Bradley
NA,NA,TN,13,47,Campbell
NA,NA,TN,15,47,Cannon
NA,NA,TN,17,47,Carroll
3660,NA,TN,19,47,Carter
5360,NA,TN,21,47,Cheatham
NA,NA,TN,23,47,Chester
NA,NA,TN,25,47,Claiborne
NA,NA,TN,27,47,Clay
NA,NA,TN,29,47,Cocke
NA,NA,TN,31,47,Coffee
NA,NA,TN,33,47,Crockett
NA,NA,TN,35,47,Cumberland
5360,NA,TN,37,47,Davidson
NA,NA,TN,39,47,Decatur
NA,NA,TN,41,47,DeKalb
5360,NA,TN,43,47,Dickson
NA,NA,TN,45,47,Dyer
4920,NA,TN,47,47,Fayette
NA,NA,TN,49,47,Fentress
NA,NA,TN,51,47,Franklin
NA,NA,TN,53,47,Gibson
NA,NA,TN,55,47,Giles
NA,NA,TN,57,47,Grainger
NA,NA,TN,59,47,Greene
NA,NA,TN,61,47,Grundy
NA,NA,TN,63,47,Hamblen
1560,NA,TN,65,47,Hamilton
NA,NA,TN,67,47,Hancock
NA,NA,TN,69,47,Hardeman
NA,NA,TN,71,47,Hardin
3660,NA,TN,73,47,Hawkins
NA,NA,TN,75,47,Haywood
NA,NA,TN,77,47,Henderson
NA,NA,TN,79,47,Henry
NA,NA,TN,81,47,Hickman
NA,NA,TN,83,47,Houston
NA,NA,TN,85,47,Humphreys
NA,NA,TN,87,47,Jackson
NA,NA,TN,89,47,Jefferson
NA,NA,TN,91,47,Johnson
3840,NA,TN,93,47,Knox
NA,NA,TN,95,47,Lake
NA,NA,TN,97,47,Lauderdale
NA,NA,TN,99,47,Lawrence
NA,NA,TN,101,47,Lewis
NA,NA,TN,103,47,Lincoln
3840,NA,TN,105,47,Loudon
NA,NA,TN,107,47,McMinn
NA,NA,TN,109,47,McNairy
NA,NA,TN,111,47,Macon
NA,NA,TN,113,47,Madison
NA,NA,TN,115,47,Marion
NA,NA,TN,117,47,Marshall
NA,NA,TN,119,47,Maury
NA,NA,TN,121,47,Meigs
NA,NA,TN,123,47,Monroe
1660,NA,TN,125,47,Montgomery
NA,NA,TN,127,47,Moore
NA,NA,TN,129,47,Morgan
NA,NA,TN,131,47,Obion
NA,NA,TN,133,47,Overton
NA,NA,TN,135,47,Perry
NA,NA,TN,137,47,Pickett
NA,NA,TN,139,47,Polk
NA,NA,TN,141,47,Putnam
NA,NA,TN,143,47,Rhea
NA,NA,TN,145,47,Roane
5360,NA,TN,147,47,Robertson
5360,NA,TN,149,47,Rutherford
NA,NA,TN,151,47,Scott
NA,NA,TN,153,47,Sequatchie
3840,NA,TN,155,47,Sevier
4920,NA,TN,157,47,Shelby
NA,NA,TN,159,47,Smith
NA,NA,TN,161,47,Stewart
3660,NA,TN,163,47,Sullivan
5360,NA,TN,165,47,Sumner
4920,NA,TN,167,47,Tipton
NA,NA,TN,169,47,Trousdale
3660,NA,TN,171,47,Unicoi
3840,NA,TN,173,47,Union
NA,NA,TN,175,47,Van Buren
NA,NA,TN,177,47,Warren
3660,NA,TN,179,47,Washington
NA,NA,TN,181,47,Wayne
NA,NA,TN,183,47,Weakley
NA,NA,TN,185,47,White
5360,NA,TN,187,47,Williamson
5360,NA,TN,189,47,Wilson
NA,NA,TX,1,48,Anderson
NA,NA,TX,3,48,Andrews
NA,NA,TX,5,48,Angelina
NA,NA,TX,7,48,Aransas
9080,NA,TX,9,48,Archer
NA,NA,TX,11,48,Armstrong
NA,NA,TX,13,48,Atascosa
NA,NA,TX,15,48,Austin
NA,NA,TX,17,48,Bailey
NA,NA,TX,19,48,Bandera
640,NA,TX,21,48,Bastrop
NA,NA,TX,23,48,Baylor
NA,NA,TX,25,48,Bee
3810,NA,TX,27,48,Bell
7240,NA,TX,29,48,Bexar
NA,NA,TX,31,48,Blanco
NA,NA,TX,33,48,Borden
NA,NA,TX,35,48,Bosque
8360,NA,TX,37,48,Bowie
3362,1145,TX,39,48,Brazoria
1260,NA,TX,41,48,Brazos
NA,NA,TX,43,48,Brewster
NA,NA,TX,45,48,Briscoe
NA,NA,TX,47,48,Brooks
NA,NA,TX,49,48,Brown
NA,NA,TX,51,48,Burleson
NA,NA,TX,53,48,Burnet
640,NA,TX,55,48,Caldwell
NA,NA,TX,57,48,Calhoun
NA,NA,TX,59,48,Callahan
1240,NA,TX,61,48,Cameron
NA,NA,TX,63,48,Camp
NA,NA,TX,65,48,Carson
NA,NA,TX,67,48,Cass
NA,NA,TX,69,48,Castro
3362,3360,TX,71,48,Chambers
NA,NA,TX,73,48,Cherokee
NA,NA,TX,75,48,Childress
NA,NA,TX,77,48,Clay
NA,NA,TX,79,48,Cochran
NA,NA,TX,81,48,Coke
NA,NA,TX,83,48,Coleman
1922,1920,TX,85,48,Collin
NA,NA,TX,87,48,Collingsworth
NA,NA,TX,89,48,Colorado
7240,NA,TX,91,48,Comal
NA,NA,TX,93,48,Comanche
NA,NA,TX,95,48,Concho
NA,NA,TX,97,48,Cooke
3810,NA,TX,99,48,Coryell
NA,NA,TX,101,48,Cottle
NA,NA,TX,103,48,Crane
NA,NA,TX,105,48,Crockett
NA,NA,TX,107,48,Crosby
NA,NA,TX,109,48,Culberson
NA,NA,TX,111,48,Dallam
1922,1920,TX,113,48,Dallas
NA,NA,TX,115,48,Dawson
NA,NA,TX,117,48,Deaf Smith
NA,NA,TX,119,48,Delta
1922,1920,TX,121,48,Denton
NA,NA,TX,123,48,De Witt
NA,NA,TX,125,48,Dickens
NA,NA,TX,127,48,Dimmit
NA,NA,TX,129,48,Donley
NA,NA,TX,131,48,Duval
NA,NA,TX,133,48,Eastland
5800,NA,TX,135,48,Ector
NA,NA,TX,137,48,Edwards
1922,1920,TX,139,48,Ellis
2320,NA,TX,141,48,El Paso
NA,NA,TX,143,48,Erath
NA,NA,TX,145,48,Falls
NA,NA,TX,147,48,Fannin
NA,NA,TX,149,48,Fayette
NA,NA,TX,151,48,Fisher
NA,NA,TX,153,48,Floyd
NA,NA,TX,155,48,Foard
3362,3360,TX,157,48,Fort Bend
NA,NA,TX,159,48,Franklin
NA,NA,TX,161,48,Freestone
NA,NA,TX,163,48,Frio
NA,NA,TX,165,48,Gaines
3362,2920,TX,167,48,Galveston
NA,NA,TX,169,48,Garza
NA,NA,TX,171,48,Gillespie
NA,NA,TX,173,48,Glasscock
NA,NA,TX,175,48,Goliad
NA,NA,TX,177,48,Gonzales
NA,NA,TX,179,48,Gray
7640,NA,TX,181,48,Grayson
4420,NA,TX,183,48,Gregg
NA,NA,TX,185,48,Grimes
7240,NA,TX,187,48,Guadalupe
NA,NA,TX,189,48,Hale
NA,NA,TX,191,48,Hall
NA,NA,TX,193,48,Hamilton
NA,NA,TX,195,48,Hansford
NA,NA,TX,197,48,Hardeman
840,NA,TX,199,48,Hardin
3362,3360,TX,201,48,Harris
4420,NA,TX,203,48,Harrison
NA,NA,TX,205,48,Hartley
NA,NA,TX,207,48,Haskell
640,NA,TX,209,48,Hays
NA,NA,TX,211,48,Hemphill
1922,1920,TX,213,48,Henderson
4880,NA,TX,215,48,Hidalgo
NA,NA,TX,217,48,Hill
NA,NA,TX,219,48,Hockley
1922,2800,TX,221,48,Hood
NA,NA,TX,223,48,Hopkins
NA,NA,TX,225,48,Houston
NA,NA,TX,227,48,Howard
NA,NA,TX,229,48,Hudspeth
1922,1920,TX,231,48,Hunt
NA,NA,TX,233,48,Hutchinson
NA,NA,TX,235,48,Irion
NA,NA,TX,237,48,Jack
NA,NA,TX,239,48,Jackson
NA,NA,TX,241,48,Jasper
NA,NA,TX,243,48,Jeff Davis
840,NA,TX,245,48,Jefferson
NA,NA,TX,247,48,Jim Hogg
NA,NA,TX,249,48,Jim Wells
1922,2800,TX,251,48,Johnson
NA,NA,TX,253,48,Jones
NA,NA,TX,255,48,Karnes
1922,1920,TX,257,48,Kaufman
NA,NA,TX,259,48,Kendall
NA,NA,TX,261,48,Kenedy
NA,NA,TX,263,48,Kent
NA,NA,TX,265,48,Kerr
NA,NA,TX,267,48,Kimble
NA,NA,TX,269,48,King
NA,NA,TX,271,48,Kinney
NA,NA,TX,273,48,Kleberg
NA,NA,TX,275,48,Knox
NA,NA,TX,277,48,Lamar
NA,NA,TX,279,48,Lamb
NA,NA,TX,281,48,Lampasas
NA,NA,TX,283,48,La Salle
NA,NA,TX,285,48,Lavaca
NA,NA,TX,287,48,Lee
NA,NA,TX,289,48,Leon
3362,3360,TX,291,48,Liberty
NA,NA,TX,293,48,Limestone
NA,NA,TX,295,48,Lipscomb
NA,NA,TX,297,48,Live Oak
NA,NA,TX,299,48,Llano
NA,NA,TX,301,48,Loving
4600,NA,TX,303,48,Lubbock
NA,NA,TX,305,48,Lynn
NA,NA,TX,307,48,McCulloch
8800,NA,TX,309,48,McLennan
NA,NA,TX,311,48,McMullen
NA,NA,TX,313,48,Madison
NA,NA,TX,315,48,Marion
NA,NA,TX,317,48,Martin
NA,NA,TX,319,48,Mason
NA,NA,TX,321,48,Matagorda
NA,NA,TX,323,48,Maverick
NA,NA,TX,325,48,Medina
NA,NA,TX,327,48,Menard
5800,NA,TX,329,48,Midland
NA,NA,TX,331,48,Milam
NA,NA,TX,333,48,Mills
NA,NA,TX,335,48,Mitchell
NA,NA,TX,337,48,Montague
3362,3360,TX,339,48,Montgomery
NA,NA,TX,341,48,Moore
NA,NA,TX,343,48,Morris
NA,NA,TX,345,48,Motley
NA,NA,TX,347,48,Nacogdoches
NA,NA,TX,349,48,Navarro
NA,NA,TX,351,48,Newton
NA,NA,TX,353,48,Nolan
1880,NA,TX,355,48,Nueces
NA,NA,TX,357,48,Ochiltree
NA,NA,TX,359,48,Oldham
840,NA,TX,361,48,Orange
NA,NA,TX,363,48,Palo Pinto
NA,NA,TX,365,48,Panola
1922,2800,TX,367,48,Parker
NA,NA,TX,369,48,Parmer
NA,NA,TX,371,48,Pecos
NA,NA,TX,373,48,Polk
320,NA,TX,375,48,Potter
NA,NA,TX,377,48,Presidio
NA,NA,TX,379,48,Rains
320,NA,TX,381,48,Randall
NA,NA,TX,383,48,Reagan
NA,NA,TX,385,48,Real
NA,NA,TX,387,48,Red River
NA,NA,TX,389,48,Reeves
NA,NA,TX,391,48,Refugio
NA,NA,TX,393,48,Roberts
NA,NA,TX,395,48,Robertson
1922,1920,TX,397,48,Rockwall
NA,NA,TX,399,48,Runnels
NA,NA,TX,401,48,Rusk
NA,NA,TX,403,48,Sabine
NA,NA,TX,405,48,San Augustine
NA,NA,TX,407,48,San Jacinto
1880,NA,TX,409,48,San Patricio
NA,NA,TX,411,48,San Saba
NA,NA,TX,413,48,Schleicher
NA,NA,TX,415,48,Scurry
NA,NA,TX,417,48,Shackelford
NA,NA,TX,419,48,Shelby
NA,NA,TX,421,48,Sherman
8640,NA,TX,423,48,Smith
NA,NA,TX,425,48,Somervell
NA,NA,TX,427,48,Starr
NA,NA,TX,429,48,Stephens
NA,NA,TX,431,48,Sterling
NA,NA,TX,433,48,Stonewall
NA,NA,TX,435,48,Sutton
NA,NA,TX,437,48,Swisher
1922,2800,TX,439,48,Tarrant
40,NA,TX,441,48,Taylor
NA,NA,TX,443,48,Terrell
NA,NA,TX,445,48,Terry
NA,NA,TX,447,48,Throckmorton
NA,NA,TX,449,48,Titus
7200,NA,TX,451,48,Tom Green
640,NA,TX,453,48,Travis
NA,NA,TX,455,48,Trinity
NA,NA,TX,457,48,Tyler
4420,NA,TX,459,48,Upshur
NA,NA,TX,461,48,Upton
NA,NA,TX,463,48,Uvalde
NA,NA,TX,465,48,Val Verde
NA,NA,TX,467,48,Van Zandt
8750,NA,TX,469,48,Victoria
NA,NA,TX,471,48,Walker
3362,3360,TX,473,48,Waller
NA,NA,TX,475,48,Ward
NA,NA,TX,477,48,Washington
4080,NA,TX,479,48,Webb
NA,NA,TX,481,48,Wharton
NA,NA,TX,483,48,Wheeler
9080,NA,TX,485,48,Wichita
NA,NA,TX,487,48,Wilbarger
NA,NA,TX,489,48,Willacy
640,NA,TX,491,48,Williamson
7240,NA,TX,493,48,Wilson
NA,NA,TX,495,48,Winkler
NA,NA,TX,497,48,Wise
NA,NA,TX,499,48,Wood
NA,NA,TX,501,48,Yoakum
NA,NA,TX,503,48,Young
NA,NA,TX,505,48,Zapata
NA,NA,TX,507,48,Zavala
NA,NA,UT,1,49,Beaver
NA,NA,UT,3,49,Box Elder
NA,NA,UT,5,49,Cache
NA,NA,UT,7,49,Carbon
NA,NA,UT,9,49,Daggett
7160,NA,UT,11,49,Davis
NA,NA,UT,13,49,Duchesne
NA,NA,UT,15,49,Emery
NA,NA,UT,17,49,Garfield
NA,NA,UT,19,49,Grand
NA,NA,UT,21,49,Iron
NA,NA,UT,23,49,Juab
NA,NA,UT,25,49,Kane
NA,NA,UT,27,49,Millard
NA,NA,UT,29,49,Morgan
NA,NA,UT,31,49,Piute
NA,NA,UT,33,49,Rich
7160,NA,UT,35,49,Salt Lake
NA,NA,UT,37,49,San Juan
NA,NA,UT,39,49,Sanpete
NA,NA,UT,41,49,Sevier
NA,NA,UT,43,49,Summit
NA,NA,UT,45,49,Tooele
NA,NA,UT,47,49,Uintah
6520,NA,UT,49,49,Utah
NA,NA,UT,51,49,Wasatch
NA,NA,UT,53,49,Washington
NA,NA,UT,55,49,Wayne
7160,NA,UT,57,49,Weber
NA,NA,VA,1,51,Accomack
1540,NA,VA,3,51,Albemarle
NA,NA,VA,5,51,Alleghany
NA,NA,VA,7,51,Amelia
4640,NA,VA,9,51,Amherst
NA,NA,VA,11,51,Appomattox
8872,8840,VA,13,51,Arlington
NA,NA,VA,15,51,Augusta
NA,NA,VA,17,51,Bath
4640,NA,VA,19,51,Bedford
NA,NA,VA,21,51,Bland
6800,NA,VA,23,51,Botetourt
NA,NA,VA,25,51,Brunswick
NA,NA,VA,27,51,Buchanan
NA,NA,VA,29,51,Buckingham
4640,NA,VA,31,51,Campbell
NA,NA,VA,33,51,Caroline
NA,NA,VA,35,51,Carroll
6760,NA,VA,36,51,Charles City
NA,NA,VA,37,51,Charlotte
6760,NA,VA,41,51,Chesterfield
8872,8840,VA,43,51,Clarke
NA,NA,VA,45,51,Craig
8872,8840,VA,47,51,Culpeper
NA,NA,VA,49,51,Cumberland
NA,NA,VA,51,51,Dickenson
6760,NA,VA,53,51,Dinwiddie
NA,NA,VA,57,51,Essex
8872,8840,VA,59,51,Fairfax
8872,8840,VA,61,51,Fauquier
NA,NA,VA,63,51,Floyd
1540,NA,VA,65,51,Fluvanna
NA,NA,VA,67,51,Franklin
NA,NA,VA,69,51,Frederick
NA,NA,VA,71,51,Giles
5720,NA,VA,73,51,Gloucester
6760,NA,VA,75,51,Goochland
NA,NA,VA,77,51,Grayson
1540,NA,VA,79,51,Greene
NA,NA,VA,81,51,Greensville
NA,NA,VA,83,51,Halifax
6760,NA,VA,85,51,Hanover
6760,NA,VA,87,51,Henrico
NA,NA,VA,89,51,Henry
NA,NA,VA,91,51,Highland
5720,NA,VA,93,51,Isle of Wight
5720,NA,VA,95,51,James City
NA,NA,VA,97,51,King and Queen
8872,8840,VA,99,51,King George
NA,NA,VA,101,51,King William
NA,NA,VA,103,51,Lancaster
NA,NA,VA,105,51,Lee
8872,8840,VA,107,51,Loudoun
NA,NA,VA,109,51,Louisa
NA,NA,VA,111,51,Lunenburg
NA,NA,VA,113,51,Madison
5720,NA,VA,115,51,Mathews
NA,NA,VA,117,51,Mecklenburg
NA,NA,VA,119,51,Middlesex
NA,NA,VA,121,51,Montgomery
NA,NA,VA,125,51,Nelson
6760,NA,VA,127,51,New Kent
NA,NA,VA,131,51,Northampton
NA,NA,VA,133,51,Northumberland
NA,NA,VA,135,51,Nottoway
NA,NA,VA,137,51,Orange
NA,NA,VA,139,51,Page
NA,NA,VA,141,51,Patrick
1950,NA,VA,143,51,Pittsylvania
6760,NA,VA,145,51,Powhatan
NA,NA,VA,147,51,Prince Edward
6760,NA,VA,149,51,Prince George
8872,8840,VA,153,51,Prince William
NA,NA,VA,155,51,Pulaski
NA,NA,VA,157,51,Rappahannock
NA,NA,VA,159,51,Richmond
6800,NA,VA,161,51,Roanoke
NA,NA,VA,163,51,Rockbridge
NA,NA,VA,165,51,Rockingham
NA,NA,VA,167,51,Russell
3660,NA,VA,169,51,Scott
NA,NA,VA,171,51,Shenandoah
NA,NA,VA,173,51,Smyth
NA,NA,VA,175,51,Southampton
8872,8840,VA,177,51,Spotsylvania
8872,8840,VA,179,51,Stafford
NA,NA,VA,181,51,Surry
NA,NA,VA,183,51,Sussex
NA,NA,VA,185,51,Tazewell
8872,8840,VA,187,51,Warren
3660,NA,VA,191,51,Washington
NA,NA,VA,193,51,Westmoreland
NA,NA,VA,195,51,Wise
NA,NA,VA,197,51,Wythe
5720,NA,VA,199,51,York
8872,8840,VA,510,51,Alexandria
4640,NA,VA,515,51,Bedford
3660,NA,VA,520,51,Bristol
NA,NA,VA,530,51,Buena Vista
1540,NA,VA,540,51,Charlottesville
5720,NA,VA,550,51,Chesapeake
NA,NA,VA,560,51,Clifton Forge
6760,NA,VA,570,51,Colonial Heights
NA,NA,VA,580,51,Covington
1950,NA,VA,590,51,Danville
NA,NA,VA,595,51,Emporia
8872,8840,VA,600,51,Fairfax
8872,8840,VA,610,51,Falls Church
NA,NA,VA,620,51,Franklin
8872,8840,VA,630,51,Fredericksburg
NA,NA,VA,640,51,Galax
5720,NA,VA,650,51,Hampton
NA,NA,VA,660,51,Harrisonburg
6760,NA,VA,670,51,Hopewell
NA,NA,VA,678,51,Lexington
4640,NA,VA,680,51,Lynchburg
8872,8840,VA,683,51,Manassas
8872,8840,VA,685,51,Manassas Park
NA,NA,VA,690,51,Martinsville
5720,NA,VA,700,51,Newport News
5720,NA,VA,710,51,Norfolk
NA,NA,VA,720,51,Norton
6760,NA,VA,730,51,Petersburg
5720,NA,VA,735,51,Poquoson
5720,NA,VA,740,51,Portsmouth
NA,NA,VA,750,51,Radford
6760,NA,VA,760,51,Richmond
6800,NA,VA,770,51,Roanoke
6800,NA,VA,775,51,Salem
NA,NA,VA,780,51,South Boston
NA,NA,VA,790,51,Staunton
5720,NA,VA,800,51,Suffolk
5720,NA,VA,810,51,Virginia Beach
NA,NA,VA,820,51,Waynesboro
5720,NA,VA,830,51,Williamsburg
NA,NA,VA,840,51,Winchester
NA,NA,VT,1,50,Addison
NA,NA,VT,3,50,Bennington
NA,NA,VT,5,50,Caledonia
1303,NA,VT,7,50,Chittenden
NA,NA,VT,9,50,Essex
1303,NA,VT,11,50,Franklin
1303,NA,VT,13,50,Grand Isle
NA,NA,VT,15,50,Lamoille
NA,NA,VT,17,50,Orange
NA,NA,VT,19,50,Orleans
NA,NA,VT,21,50,Rutland
NA,NA,VT,23,50,Washington
NA,NA,VT,25,50,Windham
NA,NA,VT,27,50,Windsor
NA,NA,WA,1,53,Adams
NA,NA,WA,3,53,Asotin
6740,NA,WA,5,53,Benton
NA,NA,WA,7,53,Chelan
NA,NA,WA,9,53,Clallam
6442,6440,WA,11,53,Clark
NA,NA,WA,13,53,Columbia
NA,NA,WA,15,53,Cowlitz
NA,NA,WA,17,53,Douglas
NA,NA,WA,19,53,Ferry
6740,NA,WA,21,53,Franklin
NA,NA,WA,23,53,Garfield
NA,NA,WA,25,53,Grant
NA,NA,WA,27,53,Grays Harbor
7602,7600,WA,29,53,Island
NA,NA,WA,31,53,Jefferson
7602,7600,WA,33,53,King
7602,1150,WA,35,53,Kitsap
NA,NA,WA,37,53,Kittitas
NA,NA,WA,39,53,Klickitat
NA,NA,WA,41,53,Lewis
NA,NA,WA,43,53,Lincoln
NA,NA,WA,45,53,Mason
NA,NA,WA,47,53,Okanogan
NA,NA,WA,49,53,Pacific
NA,NA,WA,51,53,Pend Oreille
7602,8200,WA,53,53,Pierce
NA,NA,WA,55,53,San Juan
NA,NA,WA,57,53,Skagit
NA,NA,WA,59,53,Skamania
7602,7600,WA,61,53,Snohomish
7840,NA,WA,63,53,Spokane
NA,NA,WA,65,53,Stevens
7602,5910,WA,67,53,Thurston
NA,NA,WA,69,53,Wahkiakum
NA,NA,WA,71,53,Walla Walla
860,NA,WA,73,53,Whatcom
NA,NA,WA,75,53,Whitman
9260,NA,WA,77,53,Yakima
NA,NA,WI,1,55,Adams
NA,NA,WI,3,55,Ashland
NA,NA,WI,5,55,Barron
NA,NA,WI,7,55,Bayfield
3080,NA,WI,9,55,Brown
NA,NA,WI,11,55,Buffalo
NA,NA,WI,13,55,Burnett
460,NA,WI,15,55,Calumet
2290,NA,WI,17,55,Chippewa
NA,NA,WI,19,55,Clark
NA,NA,WI,21,55,Columbia
NA,NA,WI,23,55,Crawford
4720,NA,WI,25,55,Dane
NA,NA,WI,27,55,Dodge
NA,NA,WI,29,55,Door
2240,NA,WI,31,55,Douglas
NA,NA,WI,33,55,Dunn
2290,NA,WI,35,55,Eau Claire
NA,NA,WI,37,55,Florence
NA,NA,WI,39,55,Fond du Lac
NA,NA,WI,41,55,Forest
NA,NA,WI,43,55,Grant
NA,NA,WI,45,55,Green
NA,NA,WI,47,55,Green Lake
NA,NA,WI,49,55,Iowa
NA,NA,WI,51,55,Iron
NA,NA,WI,53,55,Jackson
NA,NA,WI,55,55,Jefferson
NA,NA,WI,57,55,Juneau
1602,3800,WI,59,55,Kenosha
NA,NA,WI,61,55,Kewaunee
3870,NA,WI,63,55,La Crosse
NA,NA,WI,65,55,Lafayette
NA,NA,WI,67,55,Langlade
NA,NA,WI,69,55,Lincoln
NA,NA,WI,71,55,Manitowoc
8940,NA,WI,73,55,Marathon
NA,NA,WI,75,55,Marinette
NA,NA,WI,77,55,Marquette
NA,NA,WI,78,55,Menominee
5082,5080,WI,79,55,Milwaukee
NA,NA,WI,81,55,Monroe
NA,NA,WI,83,55,Oconto
NA,NA,WI,85,55,Oneida
460,NA,WI,87,55,Outagamie
5082,5080,WI,89,55,Ozaukee
NA,NA,WI,91,55,Pepin
5120,NA,WI,93,55,Pierce
NA,NA,WI,95,55,Polk
NA,NA,WI,97,55,Portage
NA,NA,WI,99,55,Price
5082,6600,WI,101,55,Racine
NA,NA,WI,103,55,Richland
3620,NA,WI,105,55,Rock
NA,NA,WI,107,55,Rusk
5120,NA,WI,109,55,St. Croix
NA,NA,WI,111,55,Sauk
NA,NA,WI,113,55,Sawyer
NA,NA,WI,115,55,Shawano
7620,NA,WI,117,55,Sheboygan
NA,NA,WI,119,55,Taylor
NA,NA,WI,121,55,Trempealeau
NA,NA,WI,123,55,Vernon
NA,NA,WI,125,55,Vilas
NA,NA,WI,127,55,Walworth
NA,NA,WI,129,55,Washburn
5082,5080,WI,131,55,Washington
5082,5080,WI,133,55,Waukesha
NA,NA,WI,135,55,Waupaca
NA,NA,WI,137,55,Waushara
460,NA,WI,139,55,Winnebago
NA,NA,WI,141,55,Wood
NA,NA,WV,1,54,Barbour
8872,8840,WV,3,54,Berkeley
NA,NA,WV,5,54,Boone
NA,NA,WV,7,54,Braxton
8080,NA,WV,9,54,Brooke
3400,NA,WV,11,54,Cabell
NA,NA,WV,13,54,Calhoun
NA,NA,WV,15,54,Clay
NA,NA,WV,17,54,Doddridge
NA,NA,WV,19,54,Fayette
NA,NA,WV,21,54,Gilmer
NA,NA,WV,23,54,Grant
NA,NA,WV,25,54,Greenbrier
NA,NA,WV,27,54,Hampshire
8080,NA,WV,29,54,Hancock
NA,NA,WV,31,54,Hardy
NA,NA,WV,33,54,Harrison
NA,NA,WV,35,54,Jackson
8872,8840,WV,37,54,Jefferson
1480,NA,WV,39,54,Kanawha
NA,NA,WV,41,54,Lewis
NA,NA,WV,43,54,Lincoln
NA,NA,WV,45,54,Logan
NA,NA,WV,47,54,McDowell
NA,NA,WV,49,54,Marion
9000,NA,WV,51,54,Marshall
NA,NA,WV,53,54,Mason
NA,NA,WV,55,54,Mercer
1900,NA,WV,57,54,Mineral
NA,NA,WV,59,54,Mingo
NA,NA,WV,61,54,Monongalia
NA,NA,WV,63,54,Monroe
NA,NA,WV,65,54,Morgan
NA,NA,WV,67,54,Nicholas
9000,NA,WV,69,54,Ohio
NA,NA,WV,71,54,Pendleton
NA,NA,WV,73,54,Pleasants
NA,NA,WV,75,54,Pocahontas
NA,NA,WV,77,54,Preston
1480,NA,WV,79,54,Putnam
NA,NA,WV,81,54,Raleigh
NA,NA,WV,83,54,Randolph
NA,NA,WV,85,54,Ritchie
NA,NA,WV,87,54,Roane
NA,NA,WV,89,54,Summers
NA,NA,WV,91,54,Taylor
NA,NA,WV,93,54,Tucker
NA,NA,WV,95,54,Tyler
NA,NA,WV,97,54,Upshur
3400,NA,WV,99,54,Wayne
NA,NA,WV,101,54,Webster
NA,NA,WV,103,54,Wetzel
NA,NA,WV,105,54,Wirt
6020,NA,WV,107,54,Wood
NA,NA,WV,109,54,Wyoming
NA,NA,WY,1,56,Albany
NA,NA,WY,3,56,Big Horn
NA,NA,WY,5,56,Campbell
NA,NA,WY,7,56,Carbon
NA,NA,WY,9,56,Converse
NA,NA,WY,11,56,Crook
NA,NA,WY,13,56,Fremont
NA,NA,WY,15,56,Goshen
NA,NA,WY,17,56,Hot Springs
NA,NA,WY,19,56,Johnson
1580,NA,WY,21,56,Laramie
NA,NA,WY,23,56,Lincoln
1350,NA,WY,25,56,Natrona
NA,NA,WY,27,56,Niobrara
NA,NA,WY,29,56,Park
NA,NA,WY,31,56,Platte
NA,NA,WY,33,56,Sheridan
NA,NA,WY,35,56,Sublette
NA,NA,WY,37,56,Sweetwater
NA,NA,WY,39,56,Teton
NA,NA,WY,41,56,Uinta
NA,NA,WY,43,56,Washakie
NA,NA,WY,45,56,Weston